Date,GC=F,SI=F,HG=F
2021-04-05,0.00028956131663167214,-0.006921794218786884,0.03569840708627201
2021-04-06,0.008361011659377205,0.01796944405302126,-0.005437760323936038
2021-04-07,-0.000804242014787378,0.0008325863727784071,-0.01526187929104689
2021-04-08,0.009551431317729613,0.013228035969468935,0.009672498938159392
2021-04-09,-0.007714103350808669,-0.01014157335096444,-0.012999931559483379
2021-04-12,-0.0069651153108131235,-0.01826062101710527,-0.005073881548938817
2021-04-13,0.008627188966826281,0.022439738894950937,0.0032206173632353353
2021-04-14,-0.006492181509603616,0.0038482563111936485,0.023708710203915604
2021-04-15,0.01742751851072938,0.017136282061545362,0.021624486094410433
2021-04-16,0.007674101250506838,0.005494262425869567,-0.012009036212427845
2021-04-19,-0.005410888818616735,-0.010321738270211623,0.016607777466976493
2021-04-20,0.004454866391931009,0.00015482948981170648,-0.006136441950969237
2021-04-21,0.00840435224167868,0.0278644537050473,0.014688002811719945
2021-04-22,-0.006212471446331363,-0.014828036535074625,-0.0014007337467382489
2021-04-23,-0.002360717879845413,-0.0037128565777268144,0.014495528570305756
2021-04-26,0.001237248457746213,0.005125499972567109,0.02388920803618793
2021-04-27,-0.0006746605385477973,0.007639290307885017,0.0642153066728483
2021-04-28,-0.00270334073967916,-0.01261142127993197,-0.04440381313038166
2021-04-29,-0.002880286458205009,-0.0010741505055554244,-0.009745403319025618
2021-04-30,-0.00045252405155806857,-0.007706232220627603,-0.003120809214669029
2021-05-03,0.013544464845169118,0.04129687963814217,0.014187807813497627
2021-05-04,-0.00874639757494062,-0.015108220261090231,-0.0015421186716272925
2021-05-05,0.004663019601775825,-0.0013951001875812507,0.0006612142306960406
2021-05-06,0.017446839157978355,0.035582994652411076,0.0174714913257196
2021-05-07,0.00855595396027406,0.0,0.031329113091163485
2021-05-10,0.003489086272326999,0.0006188529117249352,-0.006842448062350475
2021-05-11,-0.0008711143226879709,0.00645676566639965,0.009461819095785704
2021-05-12,-0.007270798097461572,-0.015522782315225945,-0.005455899067965582
2021-05-13,0.00065822360546342,-0.006890870911542196,-0.009938743351079252
2021-05-14,0.00770136548279548,0.011361043134549519,-0.00885860766012958
2021-05-17,0.01597700925187108,0.03262114985949031,0.01225307234489491
2021-05-18,0.00016065581069687392,0.0019089675154646615,0.0029607591243407698
2021-05-19,0.007201759353874979,-0.010866189921068149,-0.03131621300687143
2021-05-20,0.00026573834868414716,0.0015697693565809127,-0.0016355391276825378
2021-05-21,-0.0027139022410788334,-0.020856243666470372,-0.018947464727376417
2021-05-24,0.004200694538999877,0.014956910589745125,0.010069303102651882
2021-05-25,0.007137789140429843,0.005364490600721513,-0.004303036537704567
2021-05-26,0.001684515438402536,-0.006584386321414497,0.0024296326940673584
2021-05-27,-0.002949750706768753,0.0023667795327947543,0.029025375367174044
2021-05-28,0.0035806730456278716,0.0026469969683006636,0.0034227852531662456
2021-06-01,0.00021024040204428116,0.0032099375676900434,-0.004387551824500673
2021-06-02,0.002414433020726898,0.0036610124249189043,-0.013388296308474887
2021-06-03,-0.019213573983194728,-0.026095063003363804,-0.028332377874284862
2021-06-04,0.00989111901082882,0.01514333984476857,0.014652273684639288
2021-06-07,0.0036972523073180667,0.004366497361241076,-0.0005511286529771498
2021-06-08,-0.002428134028169905,-0.010266415828060888,0.006155296333228396
2021-06-09,0.0005283457753793965,0.00969488577590186,-0.005824561671397553
2021-06-10,0.0005280667735240403,0.0010713850773722744,-0.010303133803955268
2021-06-11,-0.008908706107218346,0.004132130317194963,0.01140472334101938
2021-06-14,-0.007163137661542878,-0.0038108976632676246,-0.0020940166441878005
2021-06-15,-0.005109598315890978,-0.0123872580838419,-0.043288974204270095
2021-06-16,0.0026925164354793135,0.004361959451991611,0.012024140439162556
2021-06-17,-0.04718346889536021,-0.07295753287057793,-0.048511249256526764
2021-06-18,-0.003331750148147224,0.004401393937332131,-0.005271442057981501
2021-06-21,0.007831701368745038,0.0021934169612619248,0.005988064755717649
2021-06-22,-0.00309153999585223,-0.006440059287719098,0.011161344012827815
2021-06-23,0.003372115731426366,0.010008561182113797,0.02253318671770442
2021-06-24,-0.0037663122158099844,-0.002339140777922082,-0.004512539660794791
2021-06-25,0.0005630313834598243,0.0013428169190023878,-0.002903500398113391
2021-06-28,0.0016871946194519283,0.005200764173310773,-0.004896805697030224
2021-06-29,-0.009485124546020829,-0.013284920681037449,-0.00035061145826300694
2021-06-30,0.004527967765016482,0.011261382006215024,0.004665815048149154
2021-07-01,0.0028759009759461445,-0.0034456446684467236,-0.012765905292922918
2021-07-02,0.0037656085928761485,0.01545049855671954,0.009385324889507184
2021-07-06,0.006096058971480818,-0.01242541188918573,-0.0056206630299764915
2021-07-07,0.0044506332158106765,-0.0016837107265944074,0.016537025296375227
2021-07-08,-0.001055246787513598,-0.005491941423108723,-0.013371488070429429
2021-07-09,0.005762440859237031,0.009352722202388999,0.018785304387606946
2021-07-12,-0.0024892835423589803,0.00022883236186716885,-0.00680078879935816
2021-07-13,0.0021577503670339305,-0.0038981661044655376,-0.0019681857282249364
2021-07-14,0.008201066475030334,0.005003754396354832,-0.008729591718294976
2021-07-15,0.0022449022507048935,0.004902984275995593,0.01300836736618339
2021-07-16,-0.007631333157156481,-0.022933953760427676,-0.00011544681092663539
2021-07-19,-0.003201619485910015,-0.025579493316046496,-0.028563388889063745
2021-07-20,0.0012156445618103438,-0.005947772024237352,0.014851806274035205
2021-07-21,-0.0044274796393197775,0.01039545699716028,0.0021037466339359693
2021-07-22,0.0011640986772757504,0.0050194323024439855,0.015179078440340365
2021-07-23,-0.00199643786451196,-0.005812220407055554,0.013364711728005902
2021-07-26,-0.001499999314886413,0.0030487091719987877,0.04058149206515783
2021-07-27,0.0004446939315025321,-0.026560341376807562,-0.009414458188131294
2021-07-28,0.0,0.00905279892685248,-0.01484789860388056
2021-07-29,0.017462614454720644,0.035878958005523535,0.009112161958738268
2021-07-30,-0.010209197822209233,-0.009202282121513009,-0.008777292901011693
2021-08-02,0.0030297211452917027,0.0011353364881268584,-0.010883711128238811
2021-08-03,-0.004409907432068376,0.0003521224667419291,-0.011117587657581399
2021-08-04,0.00022097134087597074,-0.004704817009092217,-0.012165873542960521
2021-08-05,-0.0029870718363273446,-0.006663617886701472,0.003573300745128146
2021-08-06,-0.02530216933717106,-0.03892484134147746,0.0
2021-08-09,-0.021014711060311712,-0.0444499403239592,-0.013553595701871708
2021-08-10,0.0031284564647309984,0.0052325410186479316,0.014933391699381848
2021-08-11,0.012416792738750166,0.0041407977233134975,0.0028684109943628113
2021-08-12,-0.0008001511567647293,-0.015844440819813222,-0.0018348393211124997
2021-08-13,0.014868869094078072,0.028291098884655995,0.007091448503645414
2021-08-16,0.006569223434738159,0.0005047967429867657,-0.01492737705102726
2021-08-17,-0.0010638733336789578,-0.005566345045175644,-0.028633784386797412
2021-08-18,-0.0019065919740294643,-0.010029835638118689,-0.020202619271785523
2021-08-19,-0.0007861331433283399,-0.008234792755808868,-0.01900856626589939
2021-08-20,0.0004493141932800512,-0.004964922188539648,0.023493114300061776
2021-08-23,0.012387832917253414,0.023271813333383472,0.023898832525376987
2021-08-24,0.0013300957751090471,0.010139097946013637,0.004829547756957162
2021-08-25,-0.00968343298654714,-0.004993589317632823,0.00234736071800499
2021-08-26,0.0022343882098449877,-0.009510411904959765,-0.004464830380560233
2021-08-27,0.013522720423364637,0.021594753782910807,0.01646761273866541
2021-08-30,-0.004192402233391229,-0.004164953313033364,0.010256470859227965
2021-08-31,0.003311261303656005,0.0,-0.00022931487279600338
2021-09-01,-0.0010473937325582944,0.009016034867278018,-0.022498947515922945
2021-09-02,-0.0024297457991779466,-0.012569883537074982,0.006313583580268056
2021-09-03,0.012199334385803619,0.03647829850728167,0.008241019236161445
2021-09-07,-0.019301359933995132,-0.017435650558170618,-0.011158980827595135
2021-09-08,-0.002899725043928858,-0.013320865147822178,-0.0106940976464112
2021-09-09,0.0037346122321662177,0.005026505278791214,0.012095813030311571
2021-09-10,-0.00434907227353077,-0.011586354668226174,0.03768406881650757
2021-09-13,0.0013401970011455836,-0.004284970564990357,-0.01918003193451112
2021-09-14,0.007062031376286556,0.003739842402388194,-0.010482219734218319
2021-09-15,-0.0068388283782960125,-0.0034872527955650936,0.019607402467313417
2021-09-16,-0.021314620752901005,-0.043308349654827376,-0.02879719785590884
2021-09-17,-0.002968010838533277,-0.02029064766419272,-0.007742880476100124
2021-09-20,0.007063155449170932,-0.005938204904561468,-0.03073485131819312
2021-09-21,0.008027603161512306,0.018330263176616197,0.002668207700174605
2021-09-22,0.0003940390072630704,0.01302775921505073,0.02971408323821386
2021-09-23,-0.01645707372556822,-0.009975661571749726,-0.005068699628163132
2021-09-24,0.0011437069101939464,-0.011281474577748921,0.013265431133486612
2021-09-27,0.00017147117355570008,0.011943713932584702,0.001398448442729701
2021-09-28,-0.008147357577374788,-0.010069474633837849,-0.011360445887335986
2021-09-29,-0.008272426561606493,-0.04425524140906797,-0.01065731292806011
2021-09-30,0.01944380650125953,0.025852418637790055,-0.02653947251399646
2021-10-01,0.0009679989072590911,0.021963125720112112,0.024990710086426587
2021-10-04,0.005222509201740211,0.004786385711748274,0.012559400382500427
2021-10-05,-0.0037438217890526193,-0.001592889606186165,-0.010534481818709952
2021-10-06,0.0005113629953223071,-0.0033711978128261526,-0.010766960141821892
2021-10-07,-0.001477930901064451,0.0055828692714563165,0.02236055645606652
2021-10-08,-0.0009105774646536376,0.002074591203567866,0.00749946452518983
2021-10-11,-0.000968454449423833,-0.001721197478417263,0.02113848449465271
2021-10-12,0.00210656414060376,-0.006603031787385128,-0.010455613767918948
2021-10-13,0.019933037412385866,0.028836395717073308,0.04328608012221442
2021-10-14,0.0016711234290114187,0.013174708726906324,0.024258091768928465
2021-10-15,-0.01655527628627928,-0.005471981143999637,0.021889815135657773
2021-10-18,-0.001358948308654003,-0.0036503051433159498,-0.0007396026716169423
2021-10-19,0.0027726159189181846,0.026283202245626122,-0.0034940996754851796
2021-10-20,0.008104059610460861,0.023279031695241207,0.008870135393080384
2021-10-21,-0.0016268056619152453,-0.01128188238340318,-0.03628974508804447
2021-10-22,0.00799626763164088,0.011486621828968266,-0.013278690294991742
2021-10-25,0.005830920310793144,0.005836617662410707,0.005618262331948899
2021-10-26,-0.0073916189533362806,-0.019976826583953847,-0.014383974458996975
2021-10-27,0.0028964946878651475,0.0042671730968140194,-0.022427198827258542
2021-10-28,0.0020558146825891866,-0.0029809402504977836,0.011445513487450607
2021-10-29,-0.0103778065309083,-0.007157489006767026,-0.014070309600734762
2021-11-01,0.006763378213492534,0.004957392476754506,0.006038126637894606
2021-11-02,-0.003571645375540873,-0.023716492376349277,-0.006381033013645391
2021-11-03,-0.014131911060620329,-0.011728087553219023,-0.011034561912988544
2021-11-04,0.01653303396466099,0.028857145603440444,0.0
2021-11-05,0.012966339059569584,0.010237730894087652,0.005302551440579939
2021-11-08,0.006037671259816749,0.015814999066872684,0.012794378665092953
2021-11-09,0.0015310188776383894,-0.009171033738161893,-0.005691556501315152
2021-11-10,0.009462262540359543,0.01850095450131798,-0.011943193107045617
2021-11-11,0.00840792702102006,0.021331814240127187,0.017521189890522815
2021-11-12,0.002519404872046127,0.0016980660488331383,0.011512569024587669
2021-11-15,-0.0009641397790913792,-0.009395304516305625,-0.010945115749440501
2021-11-16,-0.006720997509486058,-0.0065133835941358405,-0.011066238230316975
2021-11-17,0.008648283108735479,0.008900283153679807,-0.019811861032998198
2021-11-18,-0.004663986413490948,-0.010625679329303132,0.008621789527720714
2021-11-19,-0.005279926579310966,-0.004871022016685097,0.022596648836052977
2021-11-22,-0.02471959608600904,-0.019683981551047666,-0.0029532077089218837
2021-11-23,-0.012536729177984571,-0.03612231377383363,0.006349919772657603
2021-11-24,0.0003363468974658657,0.002599597649532308,0.007769024297896241
2021-11-26,0.0006724229725988722,-0.01669458912081203,-0.040396892628020986
2021-11-29,-0.00168180324307445,-0.013418951134933549,0.01287945681614314
2021-11-30,-0.0048933268890934195,-0.0014924240037843192,-0.01369725809947628
2021-12-01,0.00450045770286688,-0.02068241714445489,-0.0071550210333904424
2021-12-02,-0.011800393739534874,-0.0008523789533261744,0.012051826730420677
2021-12-03,0.012024899530579426,0.0073784127592897535,-0.00758856972241096
2021-12-06,-0.0025284463533586377,-0.009715074388001598,0.016389022124856982
2021-12-07,0.0028650763234604835,0.011584558491471518,0.0002305308491431459
2021-12-08,0.0004487093895392277,-0.004322939390105097,0.012143573592484372
2021-12-09,-0.004946636746660119,-0.01875442471344692,-0.013989420272332785
2021-12-10,0.004666234090444804,0.008428876356138912,-0.010913827542635871
2021-12-13,0.001905203055442121,0.005849333477885206,-0.0007006382375670685
2021-12-14,-0.008940945262643642,-0.018245374947531125,-0.006093297896441775
2021-12-15,-0.00441554571258348,-0.01746788153526194,-0.01766811391749457
2021-12-16,0.019105998391674383,0.04308837115362396,0.028539628694199994
2021-12-17,0.003999601595126616,0.0023130674384799804,-0.0022114952662112626
2021-12-20,-0.0056150794682417494,-0.010361414349135928,-0.0006993315504947428
2021-12-21,-0.0032387379200195265,0.010139273857202058,0.011592922396493514
2021-12-22,0.007633384981113343,0.012805359073236456,0.011801986464597361
2021-12-23,0.005314436655823481,0.006080107100254127,-0.0005697162249116147
2021-12-27,-0.001713025395370446,0.00209106309488973,0.017623607188597904
2021-12-28,0.0011607527646842581,0.005727937945200141,-0.010129535152001214
2021-12-29,-0.0028213310498173137,-0.011445129844513607,-0.00408074151198607
2021-12-30,0.004201441162821637,0.007847294054934353,-0.003983371511129868
2021-12-31,0.00813149309174338,0.012943456375973897,0.015951443469743472
2022-01-03,-0.015495623073024625,-0.02333243445866594,-0.009132412861813927
2022-01-04,0.00808106212417286,0.010823147710714433,0.011598540419920207
2022-01-05,0.005826419855790741,0.004849732913435169,-0.013866424055518837
2022-01-06,-0.019871699829780518,-0.043074342337852,-0.012910766635443492
2022-01-07,0.0046295360824668225,0.009872603920458675,0.01257011838481499
2022-01-10,0.0007787864912479449,0.0023193608885918775,-0.013375406825257624
2022-01-11,0.011169566592358682,0.01591126200479384,0.017342074765997032
2022-01-12,0.004717752871602087,0.017128663027523375,0.03194669342781295
2022-01-13,-0.0032891160891035777,-0.001941541970561844,-0.006594926000907652
2022-01-14,-0.0025840249884074937,-0.010593655648793419,-0.02738977192518855
2022-01-18,-0.002314788905823573,0.02482994186623092,-0.008079713934942308
2022-01-19,0.016852139555948643,0.03097937386178036,0.01957411991982976
2022-01-20,-0.00032557824789001627,0.01982207686818298,0.025225332029441428
2022-01-21,-0.00582422843878814,-0.01619622428971778,-0.014083219115167165
2022-01-24,0.005389914964327385,-0.021576804465330682,-0.024565182341618193
2022-01-25,0.005954976611818967,0.0042355993031337425,0.009043688843895335
2022-01-26,-0.01238267432546163,-0.0037314553308660683,0.013747089738331865
2022-01-27,-0.02020380869292505,-0.0488048177012733,-0.020522123140248878
2022-01-28,-0.004695120268889005,-0.01649844145463178,-0.02524230684042503
2022-01-31,0.005642617008805025,0.004161377503966101,0.003479847337282577
2022-02-01,0.002948322863412963,0.008935189075947137,0.025381507559161062
2022-02-02,0.0049313868291021275,0.005076478921970456,0.013901630631165696
2022-02-03,-0.0034327874115770577,-0.014905143936702494,-0.005470372576170368
2022-02-04,0.0019946679986083213,0.004459333169833733,0.0037989316585367357
2022-02-07,0.007719491459363494,0.026389528321259015,-0.004918922281595184
2022-02-08,0.003290198230438897,0.005143599394730986,-0.0004484546376708192
2022-02-09,0.004697138876945367,0.006060526481005058,0.031128401116122112
2022-02-10,0.0005447513489833872,0.00781131531364952,0.012313761988536048
2022-02-11,0.002502094128990784,-0.006526625851167957,-0.03329086198279706
2022-02-14,0.014668053542140463,0.020292581963752755,0.000554797715444434
2022-02-15,-0.007091439946204802,-0.021491617684212715,0.00531026602842403
2022-02-16,0.008268451050258554,0.011206171633599544,0.0019841940669003784
2022-02-17,0.016176862774401283,0.011500946778458108,-0.0034195760465945794
2022-02-18,-0.0011054540785265011,0.004888703898944224,-0.001216278926307887
2022-02-22,0.003942497337925904,0.013250229129555886,-0.0021041150368183927
2022-02-23,0.0016250236299235957,0.009986555209134662,-0.006339359251972713
2022-02-24,0.008293621186042542,0.005320802780489067,-0.006155277033755284
2022-02-25,-0.020254641338243038,-0.02830750297481681,0.004033195170668777
2022-02-28,0.006814799258052393,0.015054683682561874,-0.006168393316155891
2022-03-01,0.022386274771780384,0.04702741752772728,0.031449872730158694
2022-03-02,-0.011130495531632012,-0.013841726820856272,0.014932059853336425
2022-03-03,0.007003374578962224,0.0008731983930900082,0.024611441643241864
2022-03-04,0.015745908688366235,0.02263417353360702,0.03247536354111995
2022-03-07,0.014549409887335826,-0.002679882973771152,-0.0429036430863589
2022-03-08,0.022906282220362194,0.044683433515131744,-0.004563576043598594
2022-03-09,-0.026926590113771603,-0.04297367494057658,-0.02946942805330367
2022-03-10,0.00612449262362708,0.01712929727768503,0.017268899777085688
2022-03-11,-0.007737189270018215,-0.003670523468015239,-0.005939792974359469
2022-03-14,-0.011719169211706966,-0.03357672428109673,-0.022677285829660453
2022-03-15,-0.015997859657440227,-0.004804754140094932,-0.002440578011937699
2022-03-16,-0.010686925640050688,-0.018195795396681043,0.0190334568099788
2022-03-17,0.017714276252213116,0.03637920814369207,0.022094980037891683
2022-03-18,-0.007182949353329487,-0.020893721185614698,0.008491811707014074
2022-03-21,0.00020743851021229863,0.009019243185766183,-0.006149358180897094
2022-03-22,-0.004104660928568712,-0.015827442269588966,-0.002662225985065833
2022-03-23,0.008244168082008863,0.011387590670270679,0.015553332635634952
2022-03-24,0.012826608725129677,0.028590141798560627,-0.007058917381914071
2022-03-25,-0.0039842350856929614,-0.011845960894714763,-0.009134470614113594
2022-03-28,-0.007294465566171339,-0.016505809682806533,0.005957539850870366
2022-03-29,-0.014331939032686957,-0.01844039225216232,0.000530105600709734
2022-03-30,0.011182017436005276,0.015536595290250066,0.004864696710383759
2022-03-31,0.00808717487165785,0.0007167748281660187,0.0007381987602404795
2022-04-01,-0.015562693516428947,-0.01925184901334289,-0.012837722433705689
2022-04-04,0.005249070482197901,-0.0023565023204492473,0.01987597695162795
2022-04-05,-0.003270908031756635,-0.0022804927791870203,0.0030310269629588347
2022-04-06,-0.0023429578535094993,-0.002980626281132575,-0.012074247417858537
2022-04-07,0.007995486299766241,0.01130368543368134,-0.008166738169883227
2022-04-08,0.004025358538914993,0.0034711224077661742,0.005310605923722223
2022-04-11,0.0013896773770587837,0.006385964385237895,-0.019575916918115405
2022-04-12,0.014196912221042413,0.029467833450631163,0.016180371556952136
2022-04-13,0.004502815262256247,0.011402194128252847,0.0006375056286456698
2022-04-14,-0.0051114641128363805,-0.01276365876678833,0.002122290505525724
2022-04-18,0.006070128331346491,0.01736485293640974,0.01660923204110943
2022-04-19,-0.013812271285541397,-0.029071874874191484,-0.017245385702313175
2022-04-20,-0.001739970932198888,-0.004776870457542728,-0.013777188294921696
2022-04-21,-0.0037976152973985644,-0.026018190424132802,0.011547204670620877
2022-04-22,-0.007172570973407727,-0.014894514825885365,-0.026062172064567013
2022-04-25,-0.019769510187740744,-0.024581340396203067,-0.029565371325842638
2022-04-26,0.0043219765242018485,-0.005337841656319794,-0.0020249359120116427
2022-04-27,-0.008185296301079753,-0.003574456307481623,0.0032604763781424375
2022-04-28,0.0014835623851351678,-0.014124367026406844,-0.009246878261905584
2022-04-29,0.010847972444223454,-0.0038553533144596226,-0.004200460650535515
2022-05-02,-0.02519292038456543,-0.02176289265715888,-0.03225530051190937
2022-05-03,0.0037527518532821575,0.0034097082850144183,0.0036357441380119823
2022-05-04,-0.0009636752202483986,-0.011515623302110943,0.013373043660184394
2022-05-05,0.003742319256644968,0.001697873941231605,-0.010100497643645998
2022-05-06,0.003834661316685816,-0.0033537808943137483,-0.005499333209514505
2022-05-09,-0.012893727062383077,-0.024623239197404688,-0.01620475325248406
2022-05-10,-0.00930488248338918,-0.018160427179498204,-0.00922434401865177
2022-05-11,0.006878809072376239,0.007452286586654321,0.013864232358316693
2022-05-12,-0.015667781369351496,-0.037492243431980266,-0.025850570766837735
2022-05-13,-0.009032901296614637,0.010876669219030285,0.018225116357163194
2022-05-16,0.003369317747265814,0.025919304486914086,0.0038199388179227
2022-05-17,0.0025882941096002548,0.0093363438070918,0.010194545833625966
2022-05-18,-0.0012657478221988101,-0.00942916916846436,-0.013655709241902486
2022-05-19,0.013836280412998598,0.01680865514227168,0.02433087712236187
2022-05-20,0.00032587437499885286,-0.010512644593362633,-0.0009338571984142075
2022-05-23,0.003252387863293797,0.002488890798845536,0.015414272906901085
2022-05-24,0.009318889191803466,0.015530397470540348,-0.005073188864434374
2022-05-25,-0.01018521174530886,-0.009243474208096002,-0.011275925634071907
2022-05-26,0.0006498122657287857,0.0036985212950428285,-0.005157028728977054
2022-05-27,0.0021088629963046065,0.005408957651668868,0.011450010894338128
2022-05-31,-0.004656260527504244,-0.018714389848235688,-0.002093226615656373
2022-06-01,0.00032560914897010034,0.010704211993925534,0.008115951194897815
2022-06-02,0.0125075493629948,0.016765942946148416,0.05043842146787454
2022-06-03,-0.011368949980497233,-0.016491871055768482,-0.01694109942939782
2022-06-06,-0.003365401473737211,0.008370534739595663,-0.008523121594769303
2022-06-07,0.004502705921952788,0.003843334019086466,0.0
2022-06-08,0.0023787784288539122,-0.0038433340190864194,0.00427064122011487
2022-06-09,-0.001675345880327806,-0.012628032142960297,-0.015710969258667343
2022-06-10,0.012203441973600668,0.00530768663887095,-0.020253815503193908
2022-06-13,-0.02351777533038834,-0.03138221529205024,-0.01984222740401191
2022-06-14,-0.01017190901029815,-0.01422765301088647,-0.013129773188470063
2022-06-15,0.00320020619069026,0.022014190983039517,0.0014407595155047006
2022-06-16,0.016607812663686532,0.021494282016864683,-0.013406814849765658
2022-06-17,-0.00548719263781298,-0.013536146918041099,-0.02324972573064061
2022-06-21,-0.0005449294523729552,0.008355104678054516,0.006327245744323865
2022-06-22,-0.00016349682819632593,-0.016079683244955224,-0.02289180716663073
2022-06-23,-0.004699515565206118,-0.017672884260651146,-0.05007527019268077
2022-06-24,0.0004381188607517011,0.003985942268895444,0.00039898684129586245
2022-06-27,-0.003070669489849738,0.0020343555361408134,0.005040481110548134
2022-06-28,-0.001868967337812985,-0.017256577553555336,0.0013221940432882621
2022-06-29,-0.0020929997061283,-0.006222213103011398,-0.001322194043288164
2022-06-30,-0.005307091775332891,-0.018852802110603945,-0.01721536971692983
2022-07-01,-0.0028864583859110646,-0.03435727335090417,-0.026046333272272817
2022-07-05,-0.02083933914969923,-0.02820441418462703,-0.05509627519484512
2022-07-06,-0.015386252486003978,0.0017305528848290213,-0.002045878120812058
2022-07-07,0.0017277129141139384,0.0019368528716087517,0.04686572875972961
2022-07-08,0.0015523655104664287,0.0023505496373949896,-0.014057007328479205
2022-07-11,-0.006108458837354837,-0.0052309782629155685,-0.027119838109684387
2022-07-12,-0.003880322870210738,-0.008850042978090673,-0.04188317325764013
2022-07-13,0.0063050981654516405,0.012566893376626904,0.008758752448603864
2022-07-14,-0.017274371209107783,-0.05195903331762649,-0.03519335333759035
2022-07-15,-0.0012327780896654707,0.020645105074695302,0.007447646427040558
2022-07-18,0.003986361713753098,0.013016066667807653,0.034488832166270904
2022-07-19,0.0004679742946601952,-0.0064600896555730685,-0.0170197516986835
2022-07-20,-0.006159280360534849,-0.0016618051650045757,0.011478714797717558
2022-07-21,0.007736953992708003,0.002571953162867601,-0.008293771177248261
2022-07-22,0.008372643085123987,-0.005473355150353342,0.013984128994097221
2022-07-25,-0.004700960831153482,-0.015781583055844463,0.0007463414598675229
2022-07-26,-0.000756568166326809,0.010494584526424789,0.009356231511626789
2022-07-27,0.0008147256292718839,0.003563717945946867,0.013799446663093596
2022-07-28,0.017986345847998488,0.06641315432118908,0.013179943583044093
2022-07-29,0.007172964446712137,0.01645738940635982,0.030885074406484785
2022-08-01,0.003454221019280375,0.008202050210101487,-0.008968687961960311
2022-08-02,0.001186393518112395,-0.010735550261175446,-0.007772286091061582
2022-08-03,-0.007424009432775246,-0.012009139835891056,-0.01572804187747457
2022-08-04,0.01720048045395003,0.011710731148987664,0.003883492834934447
2022-08-05,-0.008760642024044224,-0.014029023032961139,0.019898306639490177
2022-08-08,0.007809700130070115,0.03826151905069303,0.009663298145692365
2022-08-09,0.004021425813643075,-0.006528591926290371,0.0013927233381702203
2022-08-10,0.0008914506924313416,0.012628894536259774,0.017384534003716742
2022-08-11,-0.003291233570665182,-0.01910204229597014,0.014933773931209706
2022-08-12,0.004960590165981755,0.017121108407094868,-0.009341402279006945
2022-08-15,-0.009608985203734186,-0.020817825708597103,-0.012868122622951974
2022-08-16,-0.0046137893685845414,-0.009227117588657059,0.0020645340532498197
2022-08-17,-0.007301519543719817,-0.01780015234082373,-0.010643498782088992
2022-08-18,-0.002844466510612898,-0.013432643334394177,0.013389684468500692
2022-08-19,-0.00439640617260913,-0.020257244109990805,0.0100955673417733
2022-08-22,-0.00781252576674173,-0.00975470414445909,-0.0035354976403718617
2022-08-23,0.007354692223817934,0.0073380265986983245,0.009220382581036168
2022-08-24,0.0005723115660449006,-0.006172951976126684,-0.011948522410051805
2022-08-25,0.005648226308946638,0.01136672767240151,0.013566875289911354
2022-08-26,-0.012364904253983925,-0.01960382410383191,0.00026944961898488136
2022-08-29,0.0002879603826907875,-0.009920953637078718,-0.023168122718755138
2022-08-30,-0.007746165501607033,-0.021572983534505565,-0.022729784336666843
2022-08-31,-0.006053512283144235,-0.022105032555786015,-0.007503393602892206
2022-09-01,-0.009503252799611197,-0.011950332617319865,-0.030003719042358334
2022-09-02,0.0077501991662910705,0.012738218283275987,0.002047973073194855
2022-09-06,-0.0055129013074622065,0.00106834271422042,0.013787355194825272
2022-09-07,0.00872448903953951,0.019036479431236524,-0.008976500708669836
2022-09-08,-0.004264925533494193,0.010585055008595348,0.028106252131502352
2022-09-09,0.004789420573202699,0.017736001553918346,0.012645967498656327
2022-09-12,0.0069100090105372255,0.0571315221379905,0.012350083783838168
2022-09-13,-0.013457414214637989,-0.01864914360436421,-0.012350083783838062
2022-09-14,-0.004997805493332346,0.00416877583793803,-0.009962910990771172
2022-09-15,-0.018501955762987212,-0.01531890614976994,-0.006224401018000892
2022-09-16,0.003775694038622129,0.006290488565676519,0.010586630784932173
2022-09-19,-0.003295488264191871,-0.0011926061030788178,-0.0009834160131192236
2022-09-20,-0.0039087215289053045,-0.008912185859008593,-0.002673926948828699
2022-09-21,0.002948005938547933,0.016046875460151995,-0.010198392195087953
2022-09-22,0.0037177432020477504,0.007033117051857949,-0.003851363389370319
2022-09-23,-0.015379814777475905,-0.036837671341476745,-0.03697658256135126
2022-09-26,-0.013461623673598822,-0.023358619361433852,-0.01735274304609566
2022-09-27,0.0020922483593887654,-0.008128139417952025,0.0028629649246226284
2022-09-28,0.020505159126874725,0.029095489614626924,0.017599265856016143
2022-09-29,-0.0011449724954999327,-0.009891249033098121,0.017004246566302488
2022-09-30,0.002348776643889567,0.01857864149822029,0.000581184279762811
2022-10-03,0.01818069303365146,0.07901979375716747,0.004637698966480462
2022-10-04,0.016520558026136455,0.024931581044391485,0.01720224306202251
2022-10-05,-0.005651843841279974,-0.026882848016384357,0.004113229348263489
2022-10-06,0.00017523692601385205,0.005648319222903012,-0.01641139210280052
2022-10-07,-0.006564674728268202,-0.019761836149183226,-0.01814931900831225
2022-10-10,-0.01971674459509101,-0.03200432616624275,0.011943086371317376
2022-10-11,0.006814074389340839,-0.006618278819248242,0.00706917560844553
2022-10-12,-0.005016375012451831,-0.028666616769386852,-0.009678647353026072
2022-10-13,-0.00017965381824740632,-0.001060020118937043,0.006655117764567944
2022-10-14,-0.01709136585274509,-0.04573250620477758,-0.004914713560715287
2022-10-17,0.009276477868507263,0.03592746030226707,0.001447980587636241
2022-10-18,-0.004839694866963967,-0.00553099242340114,-0.014281731075751009
2022-10-19,-0.013123948476874548,-0.01273481353328678,-0.013595599532649043
2022-10-20,0.00202562680358335,0.017837342097249978,0.02657423555643514
2022-10-21,0.012310443033820328,0.019995834752504944,0.02064886296966148
2022-10-24,-0.0013940959691325695,0.006855641998313741,-0.012424278700876038
2022-10-25,0.0024837799570480903,0.00856863516140015,-0.008369469804456653
2022-10-26,0.006753493473110318,0.007264456040309623,0.05057572217400336
2022-10-27,-0.001985171570581598,-0.0001026182740154149,-0.001102673735418754
2022-10-28,-0.012786876070645195,-0.017139644521139016,-0.04499098542763021
2022-10-31,-0.002259168215868315,-0.0011496322074729581,-0.015263035855571663
2022-11-01,0.005547257675413403,0.028250774645187594,0.027735406246531834
2022-11-02,0.0004254117317392756,-0.0037175686585747135,-0.0011403988240251282
2022-11-03,-0.011243566259035888,-0.00840252676130852,-0.014076654119052961
2022-11-04,0.02739728333020796,0.06734508696892601,0.07198753440505037
2022-11-07,0.0023887739038996633,0.005181349022395795,-0.0231491926898835
2022-11-08,0.02101238604477114,0.02732906676078699,0.02072329847077123
2022-11-09,-0.0011688389084410285,-0.008369374335089143,0.009668401989680267
2022-11-10,0.023235395651179536,0.017638605369611312,0.014461307722985171
2022-11-11,0.008929872470112414,-0.0014311170811253343,0.04002082340088562
2022-11-14,0.004294263372937783,0.020394833572566717,-0.02459769319047303
2022-11-15,0.00011279993292139435,-0.02720906124117694,-0.004028875090579854
2022-11-16,-0.0004511383955566457,0.00023250288393674096,-0.01350393335126835
2022-11-17,-0.006904748131308381,-0.025861673122547987,-0.026347230673519146
2022-11-18,-0.005067351765360675,0.0010016412833119732,-0.015707520511022276
2022-11-21,-0.008311170299651035,-0.006072888911419793,-0.01679775910019108
2022-11-22,0.0005178953391911294,0.008834164851053148,0.011967852886423014
2022-11-23,0.0037896091787737837,0.015239376263364558,0.0008296518546003267
2022-11-25,0.004802492929499426,0.003178857651568949,0.0024847678648594
2022-11-28,-0.007557185534083681,-0.024330922730888965,-0.0044216719910318185
2022-11-29,0.004758529161550502,0.013962359290552891,0.005386385951892668
2022-11-30,-0.001373640553271435,0.01618591571280278,0.027041511441138335
2022-12-01,0.0310701183883798,0.04920991615280104,0.02240428742869569
2022-12-02,-0.002891273168903714,0.017559333841299648,0.008875067017934064
2022-12-05,-0.015996748721572914,-0.0370978151291924,-0.01531946192432865
2022-12-06,0.0010744618189316108,-0.0034294612390245297,0.0057887476955071826
2022-12-07,0.009114472318120768,0.026187561031207687,0.011477864376372472
2022-12-08,0.0017905836665891154,0.015424274069870219,0.006463335625930137
2022-12-09,0.005241466558799575,0.020259078496165032,-0.001160356135408776
2022-12-12,-0.009836314542059353,-0.013474721671211684,-0.02019740729965815
2022-12-13,0.01858501310552256,0.02471367490586922,0.010735868843074602
2022-12-14,-0.0035345617904352757,0.0060736380062031,0.009203525932870658
2022-12-15,-0.0169056104459163,-0.034757243680659,-0.029329148152795206
2022-12-16,0.007176555247797316,0.0009939200087054397,-0.000398732072796037
2022-12-19,-0.0012857697271356746,-0.005283673826656105,0.005699561054415408
2022-12-20,0.015651375902693578,0.04520857903302778,0.0038255842291201646
2022-12-21,0.0,-0.002451746147585476,0.002235839507275352
2022-12-22,-0.016042989850930472,-0.023532479450979193,-0.014423036346991203
2022-12-23,0.004968066459595485,0.012193212378733375,0.013634490901053129
2022-12-27,0.010468993076297851,0.01154731982539849,0.007987978209936256
2022-12-28,-0.0038093315032526956,-0.01580649644372974,-0.0003913355462330034
2022-12-29,0.0063957738601456895,0.017385872450107413,-0.0028746701664194908
2022-12-30,0.0001098874339190406,-0.009011308765988294,-0.004064797677231731
2023-01-03,0.010930862804251935,0.008221932566338118,-0.010433957899771706
2023-01-04,0.007095546441984838,-0.011159765535528691,-0.007061513953980101
2023-01-05,-0.009762524397120638,-0.022700248081371922,0.020774820894930334
2023-01-06,0.01589647009927115,0.02396041065598128,0.02342691166842206
2023-01-09,0.004549233258291233,-0.004628299987172659,0.027755004194319793
2023-01-10,-0.0005875467452382744,-0.00868299677199429,0.0119969437033643
2023-01-11,0.0016016233411999265,-0.007686774261492892,0.021286480607387536
2023-01-12,0.01108736566761589,0.022717705083103695,0.007553507080328285
2023-01-13,0.012008862043122856,0.01530366362309661,0.0051230495099683585
2023-01-17,-0.005855345730477272,-0.011915061535139595,0.0017809851053655899
2023-01-18,-0.0014691611288529948,-0.017441548825739995,0.003197666423112939
2023-01-19,0.00925131447113823,0.00947469322609755,-0.0004730585681476769
2023-01-20,0.002234663176594187,0.0031943627619855537,0.005191713423161991
2023-01-23,0.0003632807471507761,-0.015989523121150876,0.0012938117847990998
2023-01-24,0.0035224324574504432,0.008365073055384616,-0.002000141594498202
2023-01-25,0.003767611384967313,0.008002086608890022,-0.0012964038611068427
2023-01-26,-0.0062527531393145016,0.0038099902209531716,0.006347835431552937
2023-01-27,-0.00025922182084070467,-0.01698419871503318,-0.010128509708496632
2023-01-30,-0.0029598625643060456,0.005002979497587616,-0.004865078397412996
2023-01-31,0.0034264261246514465,0.004346586898678545,0.0059298314901479595
2023-02-01,-0.000881420299387641,-0.009604647113344415,-0.028180971315559473
2023-02-02,-0.005983212723418652,0.0005525656583878591,-0.004143869067426235
2023-02-03,-0.02826184255379748,-0.05233603627282669,-0.007600786928514156
2023-02-06,0.0017698252343863036,-0.007054446776556029,-0.004811026420657321
2023-02-07,0.0029428310618131773,-0.002709148046779756,0.0110675198721468
2023-02-08,0.003040771209810025,0.011240114448520447,-0.011067519872146717
2023-02-09,-0.005983602271623308,-0.01214482602450834,0.015216951712487221
2023-02-10,-0.0018234933150134012,-0.0028551253041003088,-0.01918171810292671
2023-02-13,-0.005868606069231897,-0.009851379380512988,0.014665304492188851
2023-02-14,0.0011333148745895825,0.0010993249197790347,0.005611882545715784
2023-02-15,-0.0107370746218953,-0.013644515944499553,-0.014212463309734498
2023-02-16,0.004243545311346955,0.006384499583853171,0.027625758127863238
2023-02-17,-0.0008689852683103383,0.00046107377007684696,-0.012440602597921168
2023-02-21,-0.004028983707236791,0.00803434931130365,0.028869487950406024
2023-02-22,-0.000545702605629464,-0.009556709028378272,-0.007585686633612644
2023-02-23,-0.0076712704966514795,-0.016853262928041388,-0.031299737103105005
2023-02-24,-0.005073326778902653,-0.023418718312183114,-0.029399235498182515
2023-02-27,0.004523120437649741,-0.006558017529834096,0.013561207960721595
2023-02-28,0.006527917163400628,0.013980211964566013,0.02183520450674725
2023-03-01,0.004800056571569328,-9.545843099704883e-05,0.01705936313808211
2023-03-02,-0.0022880546197603423,-0.0092510610319913,-0.020359430144531593
2023-03-03,0.007714887423290701,0.015624181530776498,-0.001470238400068026
2023-03-06,0.00010827646049621364,-0.005181044483494941,0.005502254552679114
2023-03-07,-0.0185706355718125,-0.0453315292222871,-0.02819528436245474
2023-03-08,-0.0006618172911648265,-0.002446477353280922,0.013702273664630739
2023-03-09,0.009115987157307687,0.0009992735467330557,0.0032114679606452434
2023-03-10,0.017717772147514535,0.01732718522217796,-0.0022222975731185043
2023-03-13,0.026341694156230083,0.06728012457862191,0.00591503105341583
2023-03-14,-0.0028811671051432153,0.006221217015658931,-0.014604223875148894
2023-03-15,0.010645072763326822,-0.0070933955536361185,-0.03915589726406634
2023-03-16,-0.003952561643726087,-0.008579030804353153,0.00749165073918125
2023-03-17,0.026127822516268665,0.03473348091515795,0.00718046840986544
2023-03-20,0.004760658443617601,0.00810988807847109,0.015718420931151944
2023-03-21,-0.021036184516874452,-0.009318637087745324,0.010758108421719413
2023-03-22,0.004530510589810312,0.01560065608537496,0.012365729819804586
2023-03-23,0.023855366038062705,0.020472566420784745,0.018869600463035117
2023-03-24,-0.005885513691905922,0.0044405515162579635,-0.010791223100072961
2023-03-27,-0.015097478869044783,-0.00833675304788632,0.0007311193639447331
2023-03-28,0.01019169021018235,0.011643520602094889,0.0018256371744921763
2023-03-29,-0.0031992150318794522,0.00222698366345414,0.000729253137918563
2023-03-30,0.007196500323830662,0.022252323810417272,-0.005971596378464864
2023-03-31,-0.005722573380642285,0.007253347238788308,0.003416706066054023
2023-04-03,0.007538817015696076,-0.005623032843895042,-0.011024021312221891
2023-04-04,0.01912138685643545,0.04416294256848885,-0.01889903608714548
2023-04-05,-0.0006430347062673179,-0.0023607099805963857,0.003633381905590772
2023-04-06,-0.004463407474970126,0.0024806076553540043,0.006979120201193603
2023-04-10,-0.011397298492928634,-0.007178509144330005,-0.009859673722404266
2023-04-11,0.007862066660321815,0.011405363670152952,0.009486993831041504
2023-04-12,0.0030380656754726365,0.010804451028780478,0.014798628628832805
2023-04-13,0.015004488526765062,0.01833200921380793,0.009624302089538152
2023-04-14,-0.01934033210150383,-0.017545023334206763,-0.004008994226112893
2023-04-17,-0.004003608688523414,-0.014700040651733082,-0.010154878050209506
2023-04-18,0.006597421632108531,0.007753351892366626,0.005762989613076231
2023-04-19,-0.006096093088757149,0.004662751333868365,-0.004288415260551098
2023-04-20,0.006195695166983959,7.887447259596853e-05,-0.012355035239129451
2023-04-21,-0.014095679073773076,-0.012494977698831093,-0.010497426478094585
2023-04-24,0.004837975290905525,0.010047951379322668,-0.006807022403893281
2023-04-25,0.002460408684692786,-0.017097797788319987,-0.02744116592459947
2023-04-26,-0.004171199318677286,-0.00024123658018062132,0.0010394877687441904
2023-04-27,0.0021129262655032468,0.004493107872334915,0.003759195881210624
2023-04-28,0.00010047797590101929,0.000640260418347243,0.0014221580602516819
2023-05-01,-0.003372320383288464,0.0003999451587614697,0.01207159133459514
2023-05-02,0.015459208663897123,0.015670824311866238,-0.01777252311403792
2023-05-03,0.007074123181844181,0.002830210408353765,-0.00429716032402474
2023-05-04,0.009517819252434986,0.02170495483329123,0.004816738162005003
2023-05-05,-0.015054141436917398,-0.011279034075422483,0.005568909257022007
2023-05-08,0.00440192824598679,-0.004165145535982329,0.011939282355043677
2023-05-09,0.004873807724603167,0.002415564937386548,-0.007429275661692833
2023-05-10,-0.002803233566718523,-0.009265279044605907,-0.015809547951148435
2023-05-11,-0.007811791440417504,-0.048525139938612204,-0.03468557850457871
2023-05-12,-9.925105453308255e-05,-0.010902281482237642,0.005125463963486874
2023-05-15,0.0017358962821522753,0.00561111324791682,0.005634548971556217
2023-05-16,-0.014776614414791786,-0.016296587234085284,-0.02245763893263928
2023-05-17,-0.003880014587498261,0.0006317798814387328,0.02392815004955149
2023-05-18,-0.012293130260797066,-0.010879103235345518,-0.01656717064687948
2023-05-19,0.011282876071055622,0.01792726399753942,0.011075242204644238
2023-05-22,-0.001972886611210169,-0.008607166508196908,-0.013114515091443079
2023-05-23,-0.001216064382496189,-0.01021430043405838,-0.008885309913583155
2023-05-24,-0.004879037635297988,-0.015411717791408036,-0.024462668056277757
2023-05-25,-0.010087426800028507,-0.014335466066581445,0.0075694084632956645
2023-05-26,0.0005145091760760677,0.019728640663361954,0.025642478657893805
2023-05-30,0.00712441162188973,-0.004960638736605484,-0.0042283548101821194
2023-05-31,0.0030087604621398334,0.014979181931233088,-0.007408443894296499
2023-06-01,0.007153928630061794,0.016938421037071886,0.02057994553461066
2023-06-02,-0.013026835665023308,-0.009764813170979696,0.0043074591099826285
2023-06-05,0.0028641465728216076,-0.004620872296402563,0.010688134115109844
2023-06-06,0.003823121771459306,0.001698183661359424,0.0011952753285475503
2023-06-07,-0.011667932951336448,-0.0057431180320549466,-0.003323820887920406
2023-06-08,0.010700777840001093,0.03459250134210239,0.011124483941375437
2023-06-09,-0.0007132429056668153,0.002880766445086372,-0.001977440032907101
2023-06-12,-0.003522608540493114,-0.014445873914658404,-0.010212986332559824
2023-06-13,-0.005487371483662416,-0.009593508408988939,0.02058393527545379
2023-06-14,0.005487371483662365,0.012050359204053344,0.009747274464701498
2023-06-15,0.0012777594632126471,-0.0063836609209334625,0.007858378187557228
2023-06-16,0.0003064070167053769,0.007713652283009814,-0.003084460410103486
2023-06-20,-0.011762134766634989,-0.03736495934088398,-0.0015458052679607943
2023-06-21,-0.0011372784228845022,-0.018231001458988982,0.008344622172603903
2023-06-22,-0.01071258172670636,-0.014952693386866816,-0.005769626410965336
2023-06-23,0.003340482534468814,-0.004825391774395566,-0.021444705405699174
2023-06-26,0.0023940761271535643,0.021138366948379922,-0.005136663843470489
2023-06-27,-0.00505509651683476,0.005858659306108646,-0.0013213204804729307
2023-06-28,-0.0008885614102553915,-0.003099928115505437,-0.016262717242044696
2023-06-29,-0.0016224510460784893,-0.012186975422502484,-0.011624889717818434
2023-06-30,0.0062136453694543944,0.009647433569253088,0.017119762454237415
2023-07-03,0.00031225960354315117,0.003763205932475039,0.010106497435022531
2023-07-05,-0.0010933672637802037,0.013060762857791362,-0.006770702010279596
2023-07-06,-0.005694461811811971,-0.02227495121556032,-0.008965057989726697
2023-07-07,0.009126768323334932,0.017738165772480902,0.012555242100977209
2023-07-10,-0.0006231570554215221,0.0025517397083946606,0.0011939115667481735
2023-07-11,0.0032674088391857186,-0.0028115435781746662,-0.004784095677998842
2023-07-12,0.012810414334619996,0.0437734977593467,0.023304332366448292
2023-07-13,0.0015324108197861239,0.026552593117997784,0.0225191512031186
2023-07-14,0.00045927816023401885,0.009883182448938037,-0.0019105072686509909
2023-07-17,-0.003936082358076451,-0.006819396517275104,-0.02321484567832466
2023-07-18,0.012622280219577665,0.009613908911990812,-0.004184115000889452
2023-07-19,0.0001517429045972916,0.005367495153217485,-0.004333273471702537
2023-07-20,-0.004663169815610156,-0.016552415178601492,0.004726311972921368
2023-07-21,-0.002034278228194697,-0.004322991213820371,-0.0038055661640326076
2023-07-24,-0.002038424953129538,-0.010664778334965565,0.009812374827090159
2023-07-25,0.0009177681383586431,0.00993572289527332,0.015886632740097148
2023-07-26,0.0034597077644024344,0.005858029261448681,-0.0029515277676448346
2023-07-27,-0.012007399562659367,-0.024012107062832685,-0.006964162724217499
2023-07-28,0.007680922504028945,0.005513768473156253,0.013752529805071608
2023-07-31,0.005138771146053185,0.019665806993158022,0.019592326557728506
2023-08-01,-0.015238610077067491,-0.02633554445758319,-0.02560987630344337
2023-08-02,-0.0017018269642495524,-0.018932239462768494,-0.01709664310155804
2023-08-03,-0.0027911448212779625,-0.007097590717958219,0.012591799371307437
2023-08-04,0.0039260178715701454,0.0013134818174508024,-0.008030064930524057
2023-08-07,-0.0031499215966817747,-0.02031765922080711,-0.008357339027301281
2023-08-08,-0.004873518808943379,-0.01853565578947546,-0.01719393193101052
2023-08-09,-0.004531822404694159,-0.0029536661491704488,0.005189291827776295
2023-08-10,-0.0005222204866973095,0.004229483420985414,-0.004389179490860395
2023-08-11,-0.0007838424255554935,-0.003170434334188932,-0.009778385518049704
2023-08-14,-0.0012031118637709465,-0.0013240077569839797,0.002688532499772437
2023-08-15,-0.0042485053218494105,-0.002166263942950154,-0.017059705490878745
2023-08-16,-0.0033696785716191323,-0.005102607811637225,-0.002734854846346039
2023-08-17,-0.00634889183821112,0.008416463222514601,0.00926813786674379
2023-08-18,0.0010609517869105895,0.0011021545767478894,0.003656304592353999
2023-08-21,0.0038101719353384462,0.02648043386272246,0.0035083052685986856
2023-08-22,0.0016360008536025392,0.0049653051028895855,0.010318368615644781
2023-08-23,0.011586265785144559,0.039475262240837465,0.014032524141701211
2023-08-24,-0.0001564098483359136,-0.006258530048336469,-0.009510047638679906
2023-08-25,-0.0037082411186100178,0.00037161615488155296,-0.0019926764025285024
2023-08-28,0.0035518704503101632,0.0007429756554771033,-0.0015970304193956549
2023-08-29,0.009651369784435556,0.021994135310275085,0.010335333734980575
2023-08-30,0.004019820260445598,-0.001737035649343444,-0.0021113486150725986
2023-08-31,-0.003142358107314131,-0.010649173254238429,-0.00330798779422602
2023-09-01,0.0008252180232353599,-0.00985552362882496,0.010547220161808302
2023-09-05,-0.007035775353867591,-0.028208598706019508,-0.0003934915141578225
2023-09-06,-0.004214024777917077,-0.015054650535558297,-0.0165358614550924
2023-09-07,-0.0003128457579778613,-0.011092869216259248,-0.006020497844491621
2023-09-08,0.00046926375810114266,-0.0025304565380251994,-0.01228667031147108
2023-09-11,0.0025509680494884674,0.009174993752794956,0.0240263755923222
2023-09-12,-0.006258821711373876,0.0010382941488321288,-0.004785940347257476
2023-09-13,-0.001151750325271196,-0.009339981698601717,0.0010655164645383217
2023-09-14,0.0004713280283196849,-0.007183625521623996,0.007030601726295184
2023-09-15,0.00714714748905865,0.016480308060094873,-0.005035805340189131
2023-09-18,0.00404651357660179,0.004573151795222842,-0.005862794874404216
2023-09-19,0.00025883266612720474,-0.0016370186882602954,-0.007377114694002876
2023-09-20,0.007014664451038297,0.016462870389549557,0.008712615559421199
2023-09-21,-0.013661993139932882,-0.005741896422124769,-0.0215845213732607
2023-09-22,0.003225343940292486,0.006462625566279454,-0.00027282213398609857
2023-09-25,-0.004580980852414224,-0.019298440332926756,-0.0043745887456840705
2023-09-26,-0.008488367011878772,-0.008460824511211376,-0.0067358543354710905
2023-09-27,-0.015270736211994373,-0.020825437493943617,0.0005515977620020256
2023-09-28,-0.006002135474614082,0.0016891943887116746,0.018439332917652356
2023-09-29,-0.006633460391607215,-0.01246912680876772,0.008490072133495771
2023-10-02,-0.009842104245885983,-0.04686270238214628,-0.025551838783158306
2023-10-03,-0.002955195304593962,-0.0018870142222570296,-0.004553301089427976
2023-10-04,-0.0033487861038289848,-0.010537911539246493,-0.0087506252678274
2023-10-05,-0.0010453767983573286,-0.005166971803349597,-0.010377369546376294
2023-10-06,0.007458615173471331,0.03265371434272826,0.021614201324313763
2023-10-09,0.010490108470351069,0.009288128769380163,0.004953880384421103
2023-10-10,0.006198645369741984,0.0016085601642278893,-0.0028867858051032026
2023-10-11,0.0063206856067081355,0.008277625478859983,-0.0049682374726279415
2023-10-12,-0.0018706079095983437,-0.007543107079615609,-0.005549398375345766
2023-10-13,0.03060790174466398,0.042010691871635385,-0.003903037387205397
2023-10-16,-0.003274031158004244,-0.005161300151680522,0.0019533896712972216
2023-10-17,0.0008324968566677746,0.011127608109306604,-0.0032111390657374385
2023-10-18,0.016813236521731816,0.0035365536639810997,0.0018162787238428498
2023-10-19,0.006677383090401854,-0.002487449283691296,0.002648646316544683
2023-10-20,0.007137632114181281,0.020070776788115235,-0.013878399770406624
2023-10-23,-0.0031322401557761035,-0.012020019635088806,0.008714011252535694
2023-10-24,-0.0006580360180047346,-0.003995530426743355,0.010302177055933804
2023-10-25,0.004597000160347399,-0.00449217811626727,-0.010582072795597842
2023-10-26,0.0015611896722705911,-0.003941847680325298,-0.0009803193019683053
2023-10-27,0.0007042731011225338,-0.0007463265244723167,0.01818863610653167
2023-10-30,0.003814487522985263,0.022236611951065636,0.0042561553476827725
2023-10-31,-0.0055257086747362814,-0.019123362833162894,-0.002194459013838501
2023-11-01,-0.0032290150880346837,-0.006853259723754133,0.0009606765995697496
2023-11-02,0.003430498125606122,0.0029051867565586162,0.006017543945370837
2023-11-03,0.0029670004669155115,0.01958631406894446,0.0020431616991153164
2023-11-06,-0.004983536766927965,-0.0022438000934274878,0.00948005082811503
2023-11-07,-0.0074967054908099675,-0.028080814495886248,-0.0107054338454219
2023-11-08,-0.007809573743291399,0.006156588717613193,-0.011510144819098955
2023-11-09,0.006486705243964605,0.008091869668116931,0.0019275703259737918
2023-11-10,-0.01621877893218127,-0.0273514909389634,-0.014269157458469892
2023-11-13,0.006652779492155402,0.0037740815747684523,0.021805997400871528
2023-11-14,0.008343430595057662,0.03438130880937484,0.005445889973388243
2023-11-15,-0.0008669641439555301,0.017438811827251318,0.009459553378394794
2023-11-16,0.01206913677911117,0.017181737704644734,-0.0035031055938466705
2023-11-17,-0.0011600298000505828,-0.00348002207494996,0.008868639896387446
2023-11-20,-0.001970058216140758,-0.00970715564756238,0.01986821597491017
2023-11-21,0.010862615061766792,0.011134185035356098,0.0005244771158837516
2023-11-22,-0.00395922248666503,-0.007197738001180554,-0.012663431778597654
2023-11-23,0.0,0.0,0.003313248705167273
2023-11-24,0.005408630384414501,0.027376121388464295,0.0046201451544259815
2023-11-27,0.004783316372955456,0.01399995937921098,-0.00899593838200251
2023-11-28,0.013772846290545529,0.010402876524836593,0.010180578370415694
2023-11-29,0.0036214312587581126,0.005679795920651761,-0.003954164805162114
2023-11-30,-0.004406156206906349,0.008775942953729599,0.011293615185232244
2023-12-01,0.016013593082084946,0.008111608600660593,0.020677894818539592
2023-12-04,-0.022906437155782732,-0.03772374533235326,-0.02290028917093974
2023-12-05,-0.0027704839468059126,-0.014521548469481158,-0.012643355374770926
2023-12-06,0.005927406833356961,-0.01297586406151147,-0.014955544784657965
2023-12-07,-0.00029552536040616107,-0.0065937362039322515,0.01813137003665549
2023-12-08,-0.01568969924387106,-0.03259178315786239,0.00933665811905715
2023-12-11,-0.01021061033941788,-0.008656924832120076,-0.010526403080123783
2023-12-12,-0.00010109265866683018,-0.0019779824453282804,0.0015860542510079912
2023-12-13,0.0022726708042306704,-0.003923592697075769,0.0
2023-12-14,0.0238764749712153,0.06237179942832687,0.026713416462568678
2023-12-15,-0.0044923807443041424,-0.009423403971239069,-0.0009004914113786365
2023-12-18,0.0025695884133355284,-0.0016352476199671382,-0.009569435673899875
2023-12-19,0.005953704386447858,0.008731919861235072,0.012396816590175882
2023-12-20,-0.0019151099131709602,0.012689495916295505,0.0014107288714222278
2023-12-21,0.0022584336059977327,-0.0016443016028263176,0.0017925663016954217
2023-12-22,0.008788749383462259,-0.0006995613583617747,-0.003331630864701173
2023-12-26,0.0005345192470838028,-0.006028915967586296,0.0
2023-12-27,0.011449100696166307,0.009522152145883377,0.012246637907082969
2023-12-28,-0.0038500458433421737,-0.009936349987609581,-0.007764293971769603
2023-12-29,-0.0055605396969713086,-0.011711644441401641,-0.00834033906042459
2024-01-02,0.0009692741355228508,-0.005043546105692705,-0.002967966591667373
2024-01-03,-0.014736982781769346,-0.03372288421152199,-0.005572455833696495
2024-01-04,0.0039740504436172235,0.0018722624572959715,-0.004297719920560186
2024-01-05,4.895124937695209e-05,0.005768679439421562,-0.009573209599656143
2024-01-08,-0.007766098913480239,-8.645393120405551e-05,0.0013167965968512109
2024-01-09,-9.866823194536253e-05,-0.009386541620462173,-0.013513687151423264
2024-01-10,-0.0023221142671955622,-0.0008735280702388448,0.008632709208340604
2024-01-11,-0.0036669527431482853,-0.015279578262603443,-0.0011908469366554992
2024-01-12,0.015956951403282443,0.0273546009400665,-0.009712037259593112
2024-01-16,-0.010165310319773104,-0.009936087189663883,0.007060573294444214
2024-01-17,-0.011617081726109013,-0.0183507450918792,-0.009067916399167035
2024-01-18,0.007957865627687473,0.006683913395738166,0.003343315539210714
2024-01-19,0.0039059773581561485,-0.004244255612504738,0.011152546895434285
2024-01-22,-0.003311646301174295,-0.018241621994752297,-0.006091927798664862
2024-01-23,0.0019289741822805175,0.007685928029686044,0.007015711382110759
2024-01-24,-0.004854342213876016,0.018674699960745174,0.02398134195657936
2024-01-25,0.0014885385122534204,0.0023265117764248357,-0.004388225975928769
2024-01-26,-4.9570163444326434e-05,-0.002326511776424915,-0.003887995133573001
2024-01-29,0.004156315901078261,0.016691444122368358,0.005826338664611392
2024-01-30,0.003105999442300761,-0.001340691595198063,0.008612481930482765
2024-01-31,0.008284516486208303,-0.0024264388486063475,-0.001024506918232175
2024-02-01,0.0022431851049437793,0.0034212616941241246,-0.012895073103420652
2024-02-02,-0.008265936631712222,-0.018721454169231655,-0.00807924613882932
2024-02-05,-0.005120905671782916,-0.016254071977408076,-0.013037647679487865
2024-02-06,0.004334792726306237,0.0025934805369113687,0.0027797897522733395
2024-02-07,0.0003439817122514089,-0.005148755406702647,-0.011968248285595201
2024-02-08,-0.0014751441294395143,0.012800418002898257,-0.0085987539186785
2024-02-09,-0.004389060106493958,-0.0016410823894577107,-0.005276283297228367
2024-02-12,-0.002523865081532603,0.008002330999257071,0.011464089588562928
2024-02-13,-0.012615124246704407,-0.027364678504360022,-0.00389651899565707
2024-02-14,-0.0013054709316034623,0.010579192585494062,-0.003641510587655012
2024-02-15,0.005911211825204104,0.02568499977768414,0.015019725602353009
2024-02-16,0.004684094906416618,0.022740447113613074,0.02146373864108161
2024-02-20,0.007922794599725029,-0.01430890350534555,0.007398266423898034
2024-02-21,-0.002568005317217988,-0.011097490309876161,0.0020669521599391153
2024-02-22,-0.0012865403339371805,-0.003770630737711988,0.005918700162107859
2024-02-23,0.009314324420003009,0.008921232752946038,-0.003984854851828057
2024-02-26,-0.004966682111913958,-0.01987488644167234,-0.01505351262094677
2024-02-27,0.0027076939620032797,0.00026645287355052594,0.0018289248539391089
2024-02-28,-0.0004917629801586159,-0.00502976015669073,-0.0009140131607922762
2024-02-29,0.006227470697706523,0.01135873946368081,0.0018271916643559571
2024-03-01,0.019939659139843434,0.02112874358647231,0.005331944340947728
2024-03-04,0.014650906546489963,0.026808045945251963,-0.0007785185222983851
2024-03-05,0.007433252615668022,-0.0006730403011057334,-0.0020789760346844135
2024-03-06,0.00784356635087546,0.02119362650432123,0.00687020292499271
2024-03-07,0.0035744768391498196,0.004029505871729875,0.012580403026815255
2024-03-08,0.009500646655496024,-0.0012728711545629936,-0.008841141992994158
2024-03-11,0.001788495240181465,0.007082727155816107,0.00960619751598691
2024-03-12,-0.010177664197878154,-0.013058079446905702,0.0006371602048168774
2024-03-13,0.006919166252700285,0.031129785294960743,0.03196757906286835
2024-03-14,-0.0057163638155206895,-0.003411360608066222,-0.0038320318658368845
2024-03-15,-0.0026386845425951824,0.013020921477243914,0.0185292761881015
2024-03-18,0.0015747582428707817,-0.004334824503717334,0.00048616871846409864
2024-03-19,-0.0020384080923120792,-0.005074385100578897,-0.013703930026624763
2024-03-20,0.0007416687251718953,-0.001242565305764409,-0.00494010682405259
2024-03-21,0.01128966261576579,-0.0033747021407657994,0.001979066521667773
2024-03-22,-0.011196893703511956,-0.006338266074977604,-0.01255848718644402
2024-03-25,0.00770847852509448,0.0021442006521723107,0.0027489503641431926
2024-03-26,0.0003678047123048936,-0.01064449126602725,-0.0027489503641432724
2024-03-27,0.006870990033479146,0.005783196005059383,-0.0008762558461157091
2024-03-28,0.012159770828042574,0.006960526743855418,0.0027513568915070647
2024-04-01,0.008576849575533693,0.006311435142598557,0.010559764969196424
2024-04-02,0.010895049405066982,0.03349540284010643,0.005914301943359764
2024-04-03,0.014664135564459967,0.04326818827486925,0.02977338834622253
2024-04-04,-0.002443644773025144,0.0072108918581370585,0.01267868785322154
2024-04-05,0.015993363911782323,0.00953436755405249,-0.0016497692716825132
2024-04-08,0.002576546332762105,0.01132252905391113,0.008806469090439988
2024-04-09,0.005047944048811655,0.00643855442338505,0.0021020268892719385
2024-04-10,-0.005948917440644637,0.0025066149818774508,-0.000933639226970129
2024-04-11,0.010759197967561912,0.007659874943460391,-0.007030778924386207
2024-04-12,0.0005943121990892287,0.002799830505280628,0.001292747486602454
2024-04-15,0.00406612066202905,0.013917910698854246,0.028138256630377733
2024-04-16,0.010511806622644015,-0.011690641196232426,-0.016927148262715064
2024-04-17,-0.00802108139040866,0.0009882775478184814,0.008556985206100346
2024-04-18,0.004459451082454631,-0.000599918783620577,0.022316666301241708
2024-04-19,0.006735379565596977,0.016767114297929667,0.01375477653638138
2024-04-22,-0.02798980048135961,-0.056958369754345824,-0.00033316364718428856
2024-04-23,-0.001931372558694458,0.004326790018385346,-0.002224498456326981
2024-04-24,-0.0013756724603899396,-0.0002561511179960878,-0.005247004104412529
2024-04-25,0.0022774857931127522,0.0006585318188921598,0.022905541498675425
2024-04-26,0.0021438073190774686,-0.003700784149520535,-0.00032827392489267614
2024-04-29,0.004529666146779777,0.0048339338028291975,0.01950650398856371
2024-04-30,-0.02329297954868033,-0.0365340252931376,-0.02049186837508004
2024-05-01,0.0037026594091494527,0.003706493304399831,-0.002632464921645256
2024-05-02,-0.0003043861623244103,0.0035423560473991462,-0.012933317917676535
2024-05-03,-8.696932457233537e-05,-0.0052048276434164585,0.017535645885979678
2024-05-06,0.00978239943094232,0.034343874097811734,0.01324951378365935
2024-05-07,-0.002760589407145369,-0.002414399255071969,-0.0019438071566325993
2024-05-08,-0.0006912606128823438,0.002122076204098687,-0.013823437394735733
2024-05-09,0.007964395898361993,0.02778907333620911,0.009924347576340845
2024-05-10,0.01498089474872309,0.005070291149797904,0.01849315461480506
2024-05-13,-0.013267171767020015,-0.0019116030625229788,0.023374418437470987
2024-05-14,0.007378135479851928,0.009311248911233184,0.030541355672711972
2024-05-15,0.014888214910604233,0.03548707061377038,0.003224888630024549
2024-05-16,-0.0036487767790969396,0.00510320559956136,-0.015717986101867597
2024-05-17,0.013438686241467436,0.045534283286817155,0.0331721954064959
2024-05-20,0.008955695038778591,0.036619562995446865,0.00601311573402973
2024-05-21,-0.005025116242057949,-0.010519404379332051,0.006172529764052082
2024-05-22,-0.01351119128257647,-0.018144029661183704,-0.05037867628083627
2024-05-23,-0.02294667031813439,-0.032838809473232394,-0.01053286097353198
2024-05-24,-0.0010712373814988035,0.0015177858437001555,-0.007920855535350033
2024-05-28,0.0096849750810076,0.05269194372176627,0.02009599827290059
2024-05-29,-0.0063464816760843545,0.007230325523375319,-0.014461603129634713
2024-05-30,0.001110289464388048,-0.025633918608639887,-0.02817387080286396
2024-05-31,-0.00857307357068379,-0.03537694289786557,-0.013359344858423529
2024-06-03,0.010151150585457774,0.011290278893180204,0.014429002560831695
2024-06-04,-0.009032443941432378,-0.03835557539429554,-0.0279693436772657
2024-06-05,0.012223460620860391,0.015479112417361489,0.015598963957449268
2024-06-06,0.00685801971176186,0.04246082043262687,0.015359267282059677
2024-06-07,-0.027849130615993235,-0.06314205210410077,-0.04279131341481485
2024-06-10,0.0010839169709689002,0.014686242189963465,0.013700313066128967
2024-06-11,-8.664897474244984e-05,-0.02159602098106945,-0.007379337539937879
2024-06-12,0.012275377571110555,0.035175393794447285,0.012851028875042267
2024-06-13,-0.015444010517410593,-0.04009599113341306,-0.01628375290112501
2024-06-14,0.013472849167638714,0.014111778734601446,0.009604300840204132
2024-06-17,-0.008182999621581656,-0.002622293216736448,-0.006503193353933149
2024-06-18,0.007753980763100305,0.0061192915091335225,0.008917257879037289
2024-06-20,0.009991179448078678,0.04217542314073503,0.01220063799655793
2024-06-21,-0.016016849994939065,-0.039873353859219536,-0.02721855311482856
2024-06-24,0.005854053366742159,-0.0028444580283353976,0.007316293073439872
2024-06-25,-0.0057676319065113404,-0.022358042207853805,-0.032782439089447474
2024-06-26,-0.0075394205654809275,0.0024936979354411035,-0.0030862946880555733
2024-06-27,0.010943747042885628,0.00031123423226139775,-0.008969709638196547
2024-06-28,0.0013756724603899051,0.010970800459524978,0.014222117373647194
2024-07-01,-4.2898852745440194e-05,0.002152476246215518,0.00816603727846639
2024-07-02,-0.0019782819678747557,0.0018072875503516634,0.0006775653866961057
2024-07-03,0.01571743658704651,0.0399044504806992,0.024860493631748855
2024-07-05,0.012088663472560882,0.027126441806346883,0.025546321916446516
2024-07-08,-0.01403992502750996,-0.024837597514920484,-0.007865990774347974
2024-07-09,0.002078403578812869,0.005017092463705716,-0.009565322367084766
2024-07-10,0.00511374163037859,-0.0014634412045361523,0.006423190591299147
2024-07-11,0.017881513074975274,0.02147503961078302,-0.021720901163740036
2024-07-12,-0.0004141644291962591,-0.016313766750504333,0.01976558846027169
2024-07-15,0.0036800068503831792,-0.00695278126877359,-0.015228992799344938
2024-07-16,0.016171314917783012,0.016907600622622636,-0.018946302202244324
2024-07-17,-0.00309113301982428,-0.034504191896445616,-0.010177538893199707
2024-07-18,-0.0012228428297097356,-0.004722894799295391,-0.030700708760375874
2024-07-19,-0.02323049125293214,-0.030705033645750963,-0.011078471169803832
2024-07-22,-0.0014621412526544951,0.0012368999553464563,-0.009167236684088352
2024-07-23,0.005253774082549602,0.00027462991434540514,-0.008286871976554549
2024-07-24,0.0036115155414233003,-0.0005494007796076636,-0.011400955993048967
2024-07-25,-0.025771655108934748,-0.04600006550112902,0.0032881265324324637
2024-07-26,0.011877017079959726,0.0019042312320985398,-0.001947274275511693
2024-07-29,-0.0011350772219737724,-0.005651311627803379,-0.010408474810337234
2024-07-30,0.011584493096314897,0.02361530407770129,0.0002462533816531066
2024-07-31,0.008899986305409351,0.014455219390066554,0.023593370826798465
2024-08-01,0.0034968666714193194,-0.015654612691776534,-0.022732313002838966
2024-08-02,-0.0038266341350136172,-0.003004724496782753,0.00429420279958116
2024-08-05,-0.00994332279261066,-0.042304130374756076,-0.024790595806567065
2024-08-06,-0.005260032745343863,0.0007384057574275451,0.006878875148857098
2024-08-07,0.0005857822224360302,-0.00986547869961831,-0.018619202580670492
2024-08-08,0.013173648862206806,0.024665343078598762,0.0019029332241082232
2024-08-09,0.0040789238864625725,-0.0004728568075701311,0.008832886712819966
2024-08-12,0.012381322610815695,0.015522667840409742,0.01866882114543386
2024-08-13,0.0017447607257966857,-0.00798393523946329,-0.004696598507653004
2024-08-14,-0.011129137775200023,-0.016051591775867197,-0.0027291121621621237
2024-08-15,0.005600503269123787,0.03914448133303286,0.02792926345594375
2024-08-16,0.01837804343675201,0.015266432076365466,-0.0027822873448715467
2024-08-19,0.0012798782157230325,0.015926424954448556,0.009404466138288877
2024-08-20,0.0037900744796478744,0.007326045329582498,-0.004088557498111929
2024-08-21,-0.0011555060403106994,0.0007126948269382109,0.007682204488819919
2024-08-22,-0.011830186756921601,-0.01607364418642986,-0.009732768985843696
2024-08-23,0.011830186756921704,0.026535737874796975,0.01283688121007074
2024-08-26,0.003700706198852698,0.0063919361337561155,0.004044782599055961
2024-08-27,-0.0006754281156969496,-0.0008676769144129199,0.004501323054126366
2024-08-28,-0.005979686942712076,-0.026216246215079793,-0.020417457696083448
2024-08-29,0.009827580801596993,0.012974101683713005,0.0006029682943513182
2024-08-30,-0.012710561536922458,-0.02834386504475752,-0.000602968294351396
2024-09-03,-0.0015651613535240963,-0.027523725762821336,-0.02764023713283298
2024-09-04,0.0014046919562063706,0.007698088664644117,-0.003105085111750596
2024-09-05,0.0071931259247034075,0.019442646827942226,0.014326561027738912
2024-09-06,-0.007152981683501989,-0.03226995088615425,-0.01557118096774766
2024-09-09,0.0033231463116611603,0.01721997642714561,0.017286439839061352
2024-09-10,0.004188195346663044,-0.001202532383955589,-0.01083079435184659
2024-09-11,-7.959205722123827e-05,0.01077095092700099,0.010463569894938275
2024-09-12,0.015444721969289848,0.04048164685823996,0.01217145342574411
2024-09-13,0.011729349341314652,0.03163625017393691,0.01011089337881664
2024-09-16,-0.0003487790851909712,0.0023426236301238605,0.00906053645250728
2024-09-17,-0.00625883189495714,-0.004951970658746755,0.0001187212220558712
2024-09-18,0.00249266043134922,-0.009120794268719708,0.005797778381147515
2024-09-19,0.006707160271705417,0.02451495002034595,0.011262404495693233
2024-09-20,0.01225073519220459,0.0026337170136072154,-0.0010504611301073035
2024-09-23,0.002516049581020544,-0.01320589365907841,0.001750230130358872
2024-09-24,0.009360187860914403,0.04275595899787021,0.032233120582951455
2024-09-25,0.003012958044237874,-0.012945066497275998,-0.0003387253064925078
2024-09-26,0.004015674633472966,0.010263309463195609,0.03396927361253579
2024-09-27,-0.00963458348443632,-0.015926385393938165,-0.008770054674294606
2024-09-30,-0.0031058092325682647,-0.011326941765971616,-0.009959156737551753
2024-10-01,0.01176615388576509,0.008976410021022153,0.008747270990222236
2024-10-02,-0.007602005078805537,0.005802834119854262,0.013251060309858634
2024-10-03,0.003770601213994833,0.017581941271591642,-0.020664692030848586
2024-10-04,-0.004261843753354774,-0.0018968809058246426,0.00454323643639212
2024-10-07,-0.00037802895454220627,-0.011992613716898378,-0.0007742044750523483
2024-10-08,-0.011331369029670978,-0.04477402555706523,-0.023962600218861735
2024-10-09,-0.0034476188142327953,0.002303380295460907,-0.013003527344187943
2024-10-10,0.0055868577505378105,0.018883840936641832,0.006865063336545291
2024-10-11,0.014020160169731887,0.01647382477847585,0.015051426299758246
2024-10-14,-0.0036943716604866234,-0.01396122768405725,-0.019966589598124317
2024-10-15,0.0051231384715043505,0.014183283274741169,-0.014543239227710301
2024-10-16,0.004723215245810717,0.007363308482220523,0.007182639183070338
2024-10-17,0.006337393065017404,-0.00590532005597657,-0.010443370880604458
2024-10-18,0.00840012761358353,0.04517451032430414,0.013785382802360822
2024-10-21,0.0034579737223619676,0.02502329256905666,-0.005306331502970384
2024-10-22,0.007718602631013913,0.028007705223037017,0.005766385567984585
2024-10-23,-0.01091867720094922,-0.034792014684841395,-0.010054969620869941
2024-10-24,0.007523937915991553,-0.0008624208011049535,0.0034786367081482633
2024-10-25,0.002191461563702766,-0.00023802839052122123,0.004619474922603476
2024-10-28,0.00072942126259476,0.006732669148295701,-0.001729844609561111
2024-10-29,0.009253781457162933,0.012893147889623537,0.00011546014043166252
2024-10-30,0.007234316137240295,-0.010413233129587597,-0.0011547609895255664
2024-10-31,-0.01816650912342701,-0.0378912203007492,-0.0032403544840676935
2024-11-01,0.0001095688511384859,-0.0034051742866935317,0.007851309416842709
2024-11-04,-0.0009132920834320161,-0.0019070558906162727,0.01359326842658909
2024-11-05,0.0015338367843668287,0.005373444773038057,0.009822251413223898
2024-11-06,-0.02688819289182318,-0.04490697914464325,-0.05258911842530857
2024-11-07,0.011479740190580862,0.017274068675740068,0.043447321295367755
2024-11-08,-0.004047575121093911,-0.012863752127841598,-0.028404111061249033
2024-11-11,-0.0288015263656269,-0.026463953607600777,-0.017770402770283862
2024-11-12,-0.00429842206071789,0.004769221606362062,-0.021968305360875098
2024-11-13,-0.00741199771886598,-0.0031333882238479926,-0.013072124212538998
2024-11-14,-0.004894201906120731,-0.002684237854947701,0.0017201059739166069
2024-11-15,-0.0009739185590534587,-0.004500710003789498,-0.005416024015032468
2024-11-18,0.017348790536743833,0.02574328178202378,0.01397245036674078
2024-11-19,0.006300496006653572,0.0014429809973550737,0.005341190903602937
2024-11-20,0.007999532098494133,-0.00810765687306724,0.0032633707191537793
2024-11-21,0.008984571185138249,-0.0014223419427708253,-0.007388136557883757
2024-11-22,0.014046981134497769,0.012761117382108377,-0.009527380066168888
2024-11-25,-0.03495948190340738,-0.035732631544746186,0.004286314657899552
2024-11-26,0.001336617767776714,0.005874844616060839,-0.0129144583541395
2024-11-27,0.007452166991228204,-0.00915725418242278,0.006908460270460658
2024-11-29,0.006456666117155565,0.018883362909764407,0.00331395542562012
2024-12-02,-0.008352473231234763,-0.007720785086319549,-0.0012261194171518171
2024-12-03,0.003712425318383127,0.020414851591864232,0.017150550571007218
2024-12-04,0.003434974654697664,0.01367825181382936,-0.0009651810670761947
2024-12-05,-0.010302322170881693,-0.01184574214713371,-0.001691427036356159
2024-12-06,0.004558239129528256,0.001668807975208814,0.0008460711338127912
2024-12-09,0.00991798633808684,0.03249390865051901,0.02033065993438071
2024-12-10,0.012196028210303023,0.004552551643250545,0.0
2024-12-11,0.013330075570755336,0.006130209866492007,-0.0022517461047863417
2024-12-12,-0.017081207143532985,-0.04183082396394863,-0.004518987951738658
2024-12-13,-0.011790161839593786,-0.018519345166517633,-0.01102599903417866
2024-12-16,-0.0017334660635325901,0.001369142738318804,-0.0013265764037010605
2024-12-17,-0.00264360600282425,-0.004047681334720163,-0.012629201966152836
2024-12-18,-0.0029918795594432402,-0.005345768345800068,0.0020753470143054886
2024-12-19,-0.01694536281780769,-0.0442395340405014,-0.019580631900887508
2024-12-20,0.01398249166131256,0.01926736893413413,0.005085840171359418
2024-12-23,-0.006258330803749558,0.007657746818247263,-0.004464324542501597
2024-12-24,0.00294323974486273,0.0028732918924558753,0.00656557970297388
2024-12-26,0.007149969097485895,0.002432481565120282,0.005540871925046577
2024-12-27,-0.008219261513672152,-0.013132083395891737,-0.00233573815004761
2024-12-30,-0.004250136932791706,-0.0186863990233293,-0.004193444423410271
2024-12-31,0.008824710411780469,-0.005719629764522131,-0.01481686612946026
2025-01-02,0.011232867866452192,0.023292580090497485,0.0006270129152066223
2025-01-03,-0.005241401391997348,0.006192387587816029,0.012705730469062678
2025-01-06,-0.0024984295005021796,0.01782315281090293,0.021429735158766075
2025-01-07,0.006912096917743294,0.003454623526523882,0.008084555631823191
2025-01-08,0.0029316900271960217,0.00016417874723894174,0.01597552148922448
2025-01-09,0.007217296123672955,0.011070788959468593,0.012225389355236115
2025-01-10,0.009161257237443541,0.009695924096584976,-0.0011690706262276669
2025-01-13,-0.013006500709167285,-0.032692264938458004,0.004900805420346145
2025-01-14,0.001495047933117684,0.0013616184127786019,0.0034860233805795665
2025-01-15,0.012987195526811112,0.03863722097730915,0.011303415838173602
2025-01-16,0.012420208736854522,0.006492510948055647,0.01163071682537297
2025-01-17,-0.000764876477197021,-0.01831214518769267,-0.016689905700843943
2025-01-21,0.003891391478642485,0.011564184133518922,-0.006128301580466994
2025-01-22,0.004563111323176753,-0.0023021753484576053,-0.009204786171019986
2025-01-23,-0.0016272807543716752,-0.018284524731740748,0.006533654698869979
2025-01-24,0.005125977145751084,0.01134608824644439,-0.002212010159230562
2025-01-27,-0.014434155176814617,-0.025100490430847236,-0.020369261459914086
2025-01-28,0.010646340249542608,0.015513326008537422,0.0040361400459950495
2025-01-29,0.000830957531606674,0.016493606712474105,0.008728571240526836
2025-01-30,0.019277756347583747,0.03541131463402841,0.007138274803439134
2025-01-31,-0.0037263817408137866,-0.007318772136258967,-0.006081895310409236
2025-02-03,0.007580052840268373,0.008183553194377646,0.007480180735855045
2025-02-04,0.006822415916365941,0.015196438471967584,0.011231533344878048
2025-02-05,0.006393163440626415,-0.0009430997788202818,0.020964651419344747
2025-02-06,-0.005447355250461389,-0.010370934627571318,0.004275338767884391
2025-02-07,0.00394879297438717,-0.005643623451239724,0.028336209444502193
2025-02-10,0.016258833046568513,0.0017612193856637666,0.02564242139116298
2025-02-11,-0.0006178516064746903,-0.004982734876594645,-0.0228089383976497
2025-02-12,-0.0012024393787544148,0.014293460585413838,0.0222769264194491
2025-02-13,0.005792712774394366,-0.001377249222357482,0.014999774021689321
2025-02-14,-0.014562544873085503,0.0046140602667888025,-0.023872587026951185
2025-02-18,0.01650883496677148,0.01560885481005093,-0.015473949459281645
2025-02-19,-0.004170300117599673,-0.009772398855257726,-0.006125566588133508
2025-02-20,0.0070314990870447855,0.013576986909350268,0.011129332905545155
2025-02-21,-0.0008166266630073181,-0.014092328689147974,-0.010471269367841866
2025-02-24,0.003500064634192458,-0.012234930466726147,-0.009474510390437337
2025-02-25,-0.01483176087132524,-0.02404739188632005,-0.006886650883797669
2025-02-26,0.0042258832321174136,0.014113256531151561,0.012405953665810794
2025-02-27,-0.011586370186078948,-0.01411325653115164,0.008331578098502572
2025-02-28,-0.016224097946286358,-0.018470875119724065,-0.014404511438083157
2025-03-03,0.01864901343751476,0.02570857039029115,0.013640030476108149
2025-03-04,0.00668996126638687,0.0023698236792854266,-0.010764556028160344
2025-03-05,0.001957098953760298,0.023090024999902307,0.05144233767329024
2025-03-06,0.0004458405723709752,0.006219525575042806,0.0026189967355771215
2025-03-07,-0.004088489842890409,-0.015698890922193207,-0.02029232994992041
2025-03-10,-0.004727634903135915,-0.008422949138073968,-0.009332316703541513
2025-03-11,0.007546651957820141,0.018814880432237304,0.021430455186379798
2025-03-12,0.008954330271122598,0.01795988298893728,0.01694430857674518
2025-03-13,0.015261784579635519,0.01679161477063795,0.015947632797405603
2025-03-14,0.003412042879592822,0.003986100678783673,-0.005937733472506577
2025-03-17,0.0018350159457296321,-0.0033107942454363255,0.013057342105819809
2025-03-18,0.011632116405335577,0.014711851272046782,0.01198830020340408
2025-03-19,0.00026348367390129166,-0.01762160478194523,0.01648665430651425
2025-03-20,0.001349626670783865,-0.005578420399859763,0.0017714450653270794
2025-03-21,-0.007196904393713174,-0.014789415637026342,0.0004915325117683023
2025-03-24,-0.0016911295043418105,-0.0007513042428155018,-0.00462985906017308
2025-03-25,0.0035117493782604987,0.021913539259017498,0.02322734568162919
2025-03-26,-0.0009264629905246514,0.0009113558284131655,0.0063467838469931665
2025-03-27,0.012925489441903849,0.025070177330519788,-0.02298064644999868
2025-03-28,0.008557505502098309,-0.007276267725448901,0.002938365143867073
2025-03-31,0.01169228804819296,-0.005412388429938357,-0.018258628772333623
2025-04-01,-0.0012497066576345498,-0.008715344215108854,-0.00019920859062432655
2025-04-02,0.006710576935193882,0.009933507139511303,0.0008961737723840239
2025-04-03,-0.013757020186500003,-0.08008137711888225,-0.04322195932757321
2025-04-04,-0.02782959105341858,-0.08956115238527464,-0.09282933543076072
2025-04-07,-0.02035854214521939,0.013441372182426027,-0.050399365743322516
2025-04-08,0.0057772864227977104,0.0027748258496097964,-0.01000432390887126
2025-04-09,0.02924741627141751,0.024402476400346707,0.011562180836784862
2025-04-10,0.03178139946409088,0.01141106836288995,0.03425278839115362
2025-04-11,0.0210124709703548,0.03690313608834836,0.04225583427552606
2025-04-14,-0.00541463975573675,0.008386045000138093,0.022593566204668045
2025-04-15,0.004327834993182707,0.004197899033648493,0.0001084860779247315
2025-04-16,0.03297325457193712,0.021457931925222776,0.013570423950692178
2025-04-17,-0.005395442489893157,-0.01548711954277044,0.01222711799716536
2025-04-21,0.029041937846947277,0.0023414952364157176,-0.0022216256357395652
2025-04-22,-0.0015865736672474797,0.0117476476084608,0.031175936469502317
2025-04-23,-0.03729596062718759,0.01921805172409203,-0.007212131979600238
2025-04-24,0.016857972511505684,-0.001074719888308584,0.0029941980225562906
2025-04-25,-0.01499789191023496,-0.014833810048116874,-0.0029941980225562568
2025-04-28,0.015147940676365497,3.0411657634893594e-05,0.0005168878655258812
2025-04-29,-0.004119486550149282,0.008601874019253955,-0.0031052435334028017
2025-04-30,-0.004166813216927875,-0.022612983680666967,-0.05607352061762226
2025-05-01,-0.02916553616172506,-0.010568672775276443,0.004594671450517154
2025-05-02,0.006799232227835648,-0.00623264996067137,0.010099495402357292
2025-05-05,0.024270706904035648,0.006729673133900332,0.005925177969817894
2025-05-06,0.029781859324395553,0.02780414633180272,0.017039799034740594
2025-05-07,-0.008832939557882192,-0.017732496729755336,-0.025344934089104907
2025-05-08,-0.025398132101867026,-0.004714297535000773,-0.012094951453395206
2025-05-09,0.011700918988177024,0.00916169439787564,0.010902897168546432
2025-05-12,-0.03521122337030222,-0.00885282442013804,-0.007073377887293767
2025-05-13,0.006284573623097743,0.01471154209757003,0.022247173859377273
2025-05-14,-0.018344612393290653,-0.01972590686783971,-0.015173795972083464
2025-05-15,0.012277391287757004,0.007881637862074197,0.007238909746494404
2025-05-16,-0.012088782158285714,-0.00999398925079634,-0.01934837533708332
2025-05-19,0.014631561796196542,0.004808334795945183,0.0169772425792154
2025-05-20,0.015793404801633753,0.02043168571460036,-0.0030260346385719466
2025-05-21,0.008801804902702907,0.014539084973958429,0.003996732489320712
2025-05-22,-0.005150277910234424,-0.012509570825573826,0.002261338227305517
2025-05-23,0.021425434503964738,0.011881817792984332,0.03342458026543332
2025-05-27,-0.019362124406121534,-0.008890592253535959,-0.0202812436660701
2025-05-28,-0.0016685124798728683,-0.004414481472766957,-0.014111840791877541
2025-05-29,0.007109715550713264,0.00853922307881762,0.002043566522742006
2025-05-30,-0.008537804000789136,-0.01181736939409807,-0.0002148995271001742
2025-06-02,0.02453766635895122,0.04955432262623009,0.03837293468076727
2025-06-03,-0.006070768059979941,-0.0017375087613678431,-0.00518450319141898
2025-06-04,0.006930750112583484,0.0004636972404338521,0.011370771023053533
2025-06-05,-0.006781516425104247,0.03333256871244048,0.010022539816397101
2025-06-06,-0.008391573926159246,0.009370689272759428,-0.017140032791401298
2025-06-09,0.0028250744326858415,0.018236534387529986,0.016325676622677046
2025-06-10,-0.003366964044300687,-0.003987439650574705,-0.005207608171614772
2025-06-11,0.000120486130438958,-0.01034281789002882,-0.01714026613943747
2025-06-12,0.01778563010253441,0.0012987438501763653,0.004260792393544969
2025-06-13,0.014768122634469274,0.0018759345376784683,-0.0038443294507411077
2025-06-16,-0.010194021599707037,0.0026975900657251724,0.004880837537628862
2025-06-17,-0.0028895213050230267,0.01935566607328679,-0.005401492987357544
2025-06-18,0.0009444399210661637,-0.006057647913005043,0.009227140365298444
2025-06-20,-0.0064221208610746846,-0.024437649882346094,-0.0039291905707601535
2025-06-23,0.0028461738938607515,0.004907831516734243,0.0035163385627902445
2025-06-24,-0.018013675886811464,-0.012581223755432625,0.004943401982937207
2025-06-25,0.0029197688926843124,0.01069853557138597,0.009407022913502858
2025-06-26,0.0019217200310753606,0.013788372377911267,0.030568031659263944
2025-06-27,-0.018101974273062114,-0.015119459819264816,0.0005921175328644001
2025-06-30,0.006303198845365553,-0.005146767019170644,-0.007624898296181614
2025-07-01,0.012758252337171075,0.006394759637125254,0.003572071455522733
2025-07-02,0.003380872641776682,0.009488623021671569,0.019810456383350664
2025-07-03,-0.004910454236063616,0.00978020945508253,-0.010150398354574054
2025-07-04,0.0002700746795615175,-0.0002446708263924116,-0.015521100680582477
2025-07-07,-9.004121131513318e-05,-0.004360269625795433,-0.006797970921758149
2025-07-08,-0.007591297859755788,-0.003913192095893367,0.12443711051778991
2025-07-09,0.0013900517720019155,-0.0033230844876732876,-0.03634795017511664
2025-07-10,0.0017498283805606845,0.01872260225614796,0.01901523296442158
2025-07-11,0.011568474452741711,0.043274854665264276,0.002520242449624556
2025-07-14,-0.0013417817890844313,-0.005548430989781301,-0.008486090965581885
2025-07-15,-0.006495750023279325,-0.016462628137999764,0.0056053193852702386
2025-07-16,0.006794079381100563,0.0005020943467253442,-0.008965419068541565
2025-07-17,-0.0037055602760010316,0.0053484988038978365,-0.0019121251718409395
2025-07-18,0.003854691586396078,0.004378664774949515,0.016630897874152062
2025-07-21,0.01447860287732854,0.0227106691096158,0.005809515450518906
2025-07-22,0.010904801640990577,0.005585200918381937,0.01529990821973815
2025-07-23,-0.013200213092493647,-0.001068724932451854,0.01705576477175168
2025-07-24,-0.006829222657993172,-0.006564602181705882,-0.003110981742288989
2025-07-25,-0.011036651923321424,-0.02212869728845116,-0.00233954209116204
2025-07-28,-0.0074965057238816635,-0.0037011011461839253,-0.02967166185911239
2025-07-29,0.0043120472958143976,0.0015240748387354282,0.0015180785029724258
2025-07-30,-0.008339380490785232,-0.013694800449260934,-0.005996298009491309
2025-07-31,-0.0007892237945701002,-0.02736358302676405,-0.25171204689975507
2025-08-01,0.01641380667687466,0.006408634549875711,0.018758362788043485
2025-08-04,0.007943973509988255,0.01094923261068545,0.0005664247692132296
2025-08-05,0.0022201510582657955,0.013221494196824215,-0.011618793284061735
2025-08-06,-0.0005619433653809127,0.0020939815637874963,0.006167912535331675
2025-08-07,0.005987967888747476,0.010326262845232513,-0.002850748171675486
2025-08-08,0.01134616025997749,0.00676460609637975,0.017433119829275943
2025-08-11,-0.025324517441945554,-0.019848469853247078,-0.00720806458524645
2025-08-12,-0.0012534156557426127,0.006273085276564444,0.019033274217507272
2025-08-13,0.002922075262479989,0.01570760058111391,-0.005895178664802649
2025-08-14,-0.007021346864233285,-0.013519958883922833,-0.003912132424672339
2025-08-15,0.0002398515522892742,-0.0023195075284289193,0.0030193399399284504
2025-08-18,-0.0012898149154139478,0.0015030447981110365,-0.00470071048434155
2025-08-19,-0.005507846531911064,-0.018348613749446335,-0.010827956116400377
2025-08-20,0.009013401028552843,0.011845514382182482,0.003848380140796914
2025-08-21,-0.0019460210593331287,0.00850368475593492,0.0012418493801091871
2025-08-22,0.011175298783647576,0.025342079023089208,0.003604074293522632
2025-08-25,-0.00017778178523024962,-0.008393464012582622,0.004262868581374612
2025-08-26,0.004377165544111227,-0.002459194534489997,-0.0035886086139924425
2025-08-27,0.0047106015210283785,0.0027694351598420612,-0.00812182105277239
2025-08-28,0.007957432015570034,0.01286627656061418,0.011038585829641477
2025-08-29,0.012135375150160638,0.02544543743390251,0.0122468306693877
2025-09-02,0.02155825335719171,0.021435240936227385,0.0112237356170585
2025-09-03,0.012264609179004047,0.011402703706401692,-0.0024102020135148045
2025-09-04,-0.007654710471889562,-0.015306000859251006,-0.015586431517168008
2025-09-05,0.013205346467745164,0.003976391479531736,-0.0012262060033473832
2025-09-08,0.00686780141163577,0.008533321489745038,0.001783104664788798
2025-09-09,0.0014282835584511465,-0.01331669065047948,0.0023355300255342216
2025-09-10,8.235294082891736e-05,0.006218724240319515,0.010827696674733928
2025-09-11,-0.001840587103648067,0.013618445157770219,0.008861649127066409
2025-09-12,0.0034311001737597525,0.016412585827095046,-0.0004357457445814292
2025-09-15,0.008947642619622902,0.003062219825449937,0.014496124151625057
2025-09-16,0.0018178977764950366,-0.0010824498677873453,-0.004844718213337427
2025-09-17,-0.0019265078645296421,-0.017792935340694444,-0.01347256315564885
2025-09-18,-0.01040214079746196,-0.00035957256245239787,-0.00658479329356115
2025-09-19,0.007600662414640123,0.019681761715175473,0.006147083897539443
2025-09-22,0.018672448725779663,0.02926022149357021,0.0008751230140683835
2025-09-23,0.010610006389506373,0.008932826417680423,0.0025115780623503393
2025-09-24,-0.01291164894810577,-0.009435232545841922,0.0359897946923935
2025-09-25,0.001285260502940439,0.02079777880006118,-0.011108339286396362
2025-09-26,0.010223498096000606,0.033527900927235434,0.0032924609806409596
2025-09-29,0.012006108728818521,0.008423753442250954,0.026266398390743326
2025-09-30,0.005194719543134664,-0.007731717144935334,-0.007464320808828171
2025-10-01,0.006927612517481628,0.02217258492499441,0.005293001339195736
2025-10-02,-0.0072140776340165556,-0.027657479526539994,0.013876902206789601
2025-10-03,0.010647104699776156,0.0341283401166873,0.03214425535149481
2025-10-06,0.017294429424654912,0.010138165326561265,-0.014136641324961854
2025-10-07,0.007091447444070091,-0.018959005487523575,0.012157573009370483
2025-10-08,0.016633994907520277,0.03082619811195045,-0.00039624630372070505
2025-10-09,-0.024282758867578195,-0.037824118441793564,0.005829193522269696
2025-10-10,0.007472669571045818,0.0018765999645109822,-0.045755712154609496
2025-10-13,0.03283124863445809,0.06579207650283045,0.050669262739308656
2025-10-14,0.007299414410765657,0.0036636994399945285,-0.023808263054996025
2025-10-15,0.009187545165353398,0.014972666263086163,-0.0017081338268076546
2025-10-16,0.02443046188439831,0.037469740949892895,-0.002819727655700685
2025-10-17,-0.02132293911227755,-0.061426491553587786,-0.005359277641309777
2025-10-20,0.03436764429162454,0.024856970232058594,0.013394668513055687
2025-10-21,-0.059062035540049886,-0.07447969677901761,-0.013698908181214555
2025-10-22,-0.01064926865576389,0.00023174916179062298,0.0062683731636311866
2025-10-23,0.019854040473195667,0.021284272636443984,0.024097514963004135
2025-10-24,-0.0017225098547725875,-0.0021680914782260287,0.002260402648139722
2025-10-27,-0.028695490766858036,-0.03823970772890121,0.009185120348577347
2025-10-28,-0.008960778782097539,0.01201888204232268,0.0
2025-10-29,0.004402578266743398,0.012567920885157555,0.01792990668350266
2025-10-30,0.004408297096619672,0.014706621179701264,-0.03016277423724716
2025-10-31,-0.0047849023856938715,-0.009002195547953992,-0.002464690218088246
2025-11-03,0.0045349523774452045,-0.002211030978419181,-0.003658812833263493
2025-11-04,-0.013236252040332198,-0.01595519770785064,-0.024266670048338407
2025-11-05,0.008224087134207535,0.015432978063345005,0.007483036775056278
2025-11-06,-0.0001005367923334668,-0.0014426598739446322,-0.0035323091084347048
2025-11-07,0.004887656635851291,0.0046549974929010725,-0.0015176195049082092
2025-11-10,0.027716515886168476,0.04400163799506155,0.029727812977192947
2025-11-11,-0.0012167524528548244,0.008750527588091883,-0.007597063291670923
2025-11-12,0.02348748385555354,0.05222929512220047,0.00808840261445936
2025-11-13,-0.004170992761122764,-0.00484934911198655,-0.0003930146523042039
2025-11-14,-0.024002555332014903,-0.047933259554467075,-0.007497343296060943
2025-11-17,-0.0047327908648018505,0.0006915941066914226,-0.009851313783992953
2025-11-18,-0.0017221023533426794,-0.0034627635044004925,-0.007528247203173337
2025-11-19,0.004029960569867122,0.0067167409165909105,0.009126948000411297
2025-11-20,-0.0052125591455094164,-0.010748626377484014,-0.009731717101725797
2025-11-21,0.004967292782076356,-0.00747108027743647,0.009831592742830271
2025-11-24,0.0037215603622990662,0.00842583599603129,-0.009327625128735287
2025-11-25,0.01149319363831883,0.012625007656006288,0.007529003250223698
2025-11-26,0.006261760929431564,0.03817511768473202,0.02078460076161925
2025-11-28,0.012667816416397979,0.06457865625867037,0.015743829246684975
2025-12-01,0.004965958221290471,0.03433963520547157,0.006439489345742295
2025-12-02,-0.01250914319860585,-0.007474155376065649,-0.011175470790599912
2025-12-03,0.0030288262173034956,-0.0010698557235385034,0.028084817441979566
2025-12-04,0.0029722651693542806,-0.018716587382344694,-0.003113356145866483
2025-12-05,0.00026116008896670296,0.027329095870308698,0.016958269780918606
2025-12-08,-0.006118924040939417,-0.011067170131485166,-0.0032568630065428986
2025-12-09,0.0046462393338665645,0.04053187197222852,-0.023386275095255215
2025-12-10,-0.002451547168984526,0.003484140940118092,0.006656519081847274
2025-12-11,0.021010239753042382,0.057131716759903195,0.028313075901739357
2025-12-12,0.003401069596484952,-0.04098236281946611,-0.02679770979515132
2025-12-15,0.001533693992035725,0.025391126722667915,0.01035592520255418
2025-12-16,-0.0005110078294488002,-0.0038204100102420964,-0.009693707758661558
2025-12-17,0.009939980130428714,0.054877752017617534,0.014365757938624818
2025-12-18,-0.0018418331441386099,-0.025148603302118783,0.0005591393541615224
2025-12-19,0.005033950243312225,0.034285916174315596,0.013511209772042312
2025-12-22,0.018896813791643464,0.01574784514116291,-0.0003677218149657127
2025-12-23,0.008557909489307347,0.03727556004425465,0.007055480360070149
2025-12-24,-0.0004908198003828014,0.007716446667799441,0.0041004274057811025
2025-12-26,0.010766277995574931,0.07399134179679479,0.04759000584167537
2025-12-29,-0.04608798173882948,-0.09067169778776503,-0.04904598883016795
2025-12-30,0.010350630404542907,0.10221479339062806,0.042259807493034214
2025-12-31,-0.010235032825325435,-0.09824307780431558,-0.017169666206612835
2026-01-02,-0.0025926392560806856,0.005998981143650036,0.0017745793586180468
2026-01-05,0.027997669976117596,0.07648221205609913,0.049212251505801795
2026-01-06,0.010158128512449065,0.05574084130399784,0.014411638803103236
2026-01-07,-0.007367304357957669,-0.043072609490488835,-0.03409949050896024
2026-01-08,8.998553214307117e-05,-0.03186285611540196,-0.010817465155150153
2026-01-09,0.009082749101682023,0.05428414794887768,0.018790451803464538
2026-01-12,0.025071135876622564,0.07007401715803904,0.021874933032647856
2026-01-13,-0.003284847544970745,0.014863556993312911,-0.002509469057374457
2026-01-14,0.008051610829708839,0.05650291804211882,0.006511423888848364
2026-01-15,-0.002163894212595402,0.011020890663073043,-0.01020329524776686
2026-01-16,-0.0060621179774391735,-0.04206942596458179,-0.0271818592347448
2026-01-20,0.036632293474919336,0.06711347754309907,-0.002681326556787939
2026-01-21,0.015055377008505682,-0.021415312804807362,-0.007563600184284361
2026-01-22,0.015810444337397162,0.04002956396827427,0.0022663907619747447
2026-01-23,0.013637113842028292,0.050279558386278456,0.028920358078275955
2026-01-26,0.02058565637353524,0.13124985761761132,0.012274291330000235
2026-01-27,3.931395514705028e-05,-0.08669859108884624,-0.026329633060980427
2026-01-28,0.04271712307880896,0.06944067448945235,0.010920700845244964
2026-01-29,0.0031638076649501356,0.008153341623586855,0.046909494425695066
2026-01-30,-0.1206569177115754,-0.37610308700481104,-0.04614611810401607
2026-02-02,-0.0195798858862585,-0.0195017534205199,-0.01632724135572056
2026-02-03,0.05905437776175919,0.0784283625076356,0.04400577841713017
2026-02-04,0.0033997461243729043,0.013432667047822297,-0.0397915610591698
2026-02-05,-0.012063365980342067,-0.09510942355652635,-0.004645243148040119
2026-02-06,0.018303568705588632,0.0026881903887896004,0.011061263030683612
2026-02-09,0.01993641500519393,0.0671537103524874,0.013803843930585742
2026-02-10,-0.009368841148208894,-0.022763688428083004,-0.008276419658565643
2026-02-11,0.013458784179660236,0.04313594701844096,0.00894897896843896
2026-02-12,-0.02959604886955879,-0.10314219378519979,-0.030377758462980523
2026-02-13,0.01976794067778529,0.03005500601795586,0.0037186207526305258
2026-02-17,-0.028088975078812035,-0.058232678195794293,-0.02792183898914965
2026-02-18,0.020994975203204404,0.053830054736415583,0.028094448608724638
2026-02-19,-0.0021280217137131566,0.000722232694612371,-0.01102105618140487
2026-02-20,0.016621856057854087,0.05904816413025689,0.01747295267048268
2026-02-23,0.028334005840505903,0.05024581475846893,-0.009996651615555126
2026-02-24,-0.009439844361431814,0.01073694749555926,0.02565121835476392
2026-02-25,0.009766362602618253,0.03904173258606675,0.009493868339474848
2026-02-26,-0.0057594670615880765,-0.0443038424494124,-0.005450026589920928
2026-02-27,0.010377723577647786,0.0632891278862492,0.009622278291953983
2026-03-02,0.012142763938335153,-0.0486154183765808,-0.018489498291913743
2026-03-03,-0.0359591903930027,-0.06264642761396048,-0.020741198751393842
2026-03-04,0.0025030895869677847,-0.003503268780937199,0.01401752384407531
2026-03-05,-0.01078021153640931,-0.011514328486069848,-0.01757458022170611
2026-03-06,0.015825837818907902,0.02572911548343984,0.0006950803071056875
2026-03-09,-0.010666682586894306,0.0025737084547117705,0.0075276058723092055
2026-03-10,0.02678146977213648,0.05837087039100905,0.01768594808097934
2026-03-11,-0.01198431063117268,-0.04615282263613243,-0.009957921186446865
2026-03-12,-0.010035890037833716,-0.004654372806172859,-0.0035989598931909124
2026-03-13,-0.012450581437074204,-0.04537444568017897,-0.019066377588966944
2026-03-16,-0.011645978438057513,-0.008078131604690005,0.013211876292665502
2026-03-17,0.0014007005791852262,-0.009174455123458344,-0.011114142119103089
2026-03-18,-0.022466059027850406,-0.029242743148298937,-0.030586158824142798
2026-03-19,-0.0609633251253208,-0.08559290256097903,-0.0220268873083426
2026-03-20,-0.006607801222592188,-0.02198830663875218,-0.016797736235749178
2026-03-23,-0.037064759654085296,-0.004493891628405335,0.017993370747035806
2026-03-24,-0.001090554444362892,0.0032532357356046945,-0.003130129888579305
2026-03-25,0.03363784006254085,0.043597795685774,0.019449943827491212
2026-03-26,-0.03906243403134702,-0.06700978850855925,-0.015033763846452749
2026-03-27,0.026277237882447974,0.027316306173566753,0.003756852986170725
2026-03-30,0.007540510335148854,0.011139100266054582,0.0016448554664745389
2026-03-31,0.026512431127413087,0.06023314806008035,0.020157100232811233
2026-04-01,0.029385839631667885,0.010057662864439397,0.005087720961565358
